2020-07-20 15:00	1.14397	1.14484	1.14364	1.14430	11010
2020-07-20 16:00	1.14430	1.14451	1.14332	1.14385	37372
2020-07-20 17:00	1.14385	1.14450	1.14336	1.14357	10693
2020-07-20 18:00	1.14358	1.14431	1.14342	1.14406	4829
2020-07-20 19:00	1.14407	1.14482	1.14394	1.14480	5571
2020-07-20 20:00	1.14478	1.14488	1.14427	1.14472	2186
2020-07-20 21:00	1.14472	1.14473	1.14423	1.14427	778
2020-07-20 22:00	1.14428	1.14474	1.14427	1.14462	1934
2020-07-20 23:00	1.14463	1.14586	1.14461	1.14557	2030
2020-07-21 00:00	1.14559	1.14639	1.14540	1.14554	6008
2020-07-21 01:00	1.14556	1.14620	1.14554	1.14591	11317
2020-07-21 02:00	1.14592	1.14624	1.14573	1.14598	3986
2020-07-21 03:00	1.14599	1.14696	1.14402	1.14453	11951
2020-07-21 04:00	1.14452	1.14465	1.14228	1.14305	11728
2020-07-21 05:00	1.14305	1.14436	1.14279	1.14434	6373
2020-07-21 06:00	1.14434	1.14503	1.14365	1.14457	11269
2020-07-21 07:00	1.14458	1.14667	1.14316	1.14426	31544
2020-07-21 08:00	1.14428	1.14499	1.14289	1.14431	69782
2020-07-21 09:00	1.14431	1.14472	1.14299	1.14434	14050
2020-07-21 10:00	1.14435	1.14603	1.14363	1.14379	12654
2020-07-21 11:00	1.14380	1.14447	1.14315	1.14372	16768
2020-07-21 12:00	1.14372	1.14523	1.14361	1.14386	13726
2020-07-21 13:00	1.14389	1.14612	1.14249	1.14592	23066
2020-07-21 14:00	1.14592	1.14889	1.14512	1.14873	55962
2020-07-21 15:00	1.14874	1.14951	1.14828	1.14936	30524
2020-07-21 16:00	1.14936	1.15174	1.14913	1.15162	14599
2020-07-21 17:00	1.15163	1.15394	1.15125	1.15335	9531
2020-07-21 18:00	1.15339	1.15398	1.15268	1.15307	8372
2020-07-21 19:00	1.15308	1.15345	1.15195	1.15254	11037
2020-07-21 20:00	1.15253	1.15290	1.15204	1.15265	3005
2020-07-21 21:00	1.15268	1.15325	1.15236	1.15322	794
2020-07-21 22:00	1.15324	1.15343	1.15305	1.15321	2990
2020-07-21 23:00	1.15324	1.15423	1.15296	1.15350	4718
2020-07-22 00:00	1.15350	1.15385	1.15296	1.15310	8239
2020-07-22 01:00	1.15309	1.15416	1.15293	1.15396	9275
2020-07-22 02:00	1.15396	1.15457	1.15343	1.15453	6284
2020-07-22 03:00	1.15453	1.15470	1.15395	1.15403	4844
2020-07-22 04:00	1.15404	1.15416	1.15360	1.15392	3957
2020-07-22 05:00	1.15389	1.15435	1.15350	1.15394	5686
2020-07-22 06:00	1.15392	1.15425	1.15191	1.15316	16880
2020-07-22 07:00	1.15315	1.15455	1.15077	1.15185	44719
2020-07-22 08:00	1.15186	1.15319	1.15068	1.15221	65302
2020-07-22 09:00	1.15222	1.15468	1.15167	1.15446	21392
2020-07-22 10:00	1.15446	1.15836	1.15419	1.15685	33967
2020-07-22 11:00	1.15686	1.15806	1.15562	1.15783	20511
2020-07-22 12:00	1.15783	1.16000	1.15710	1.15956	17956
2020-07-22 13:00	1.15956	1.16013	1.15779	1.15905	61835
2020-07-22 14:00	1.15906	1.15951	1.15708	1.15935	81703
2020-07-22 15:00	1.15936	1.15938	1.15782	1.15868	16848
2020-07-22 16:00	1.15868	1.15898	1.15737	1.15771	17611
2020-07-22 17:00	1.15772	1.15820	1.15646	1.15686	8702
2020-07-22 18:00	1.15685	1.15727	1.15627	1.15689	6289
2020-07-22 19:00	1.15691	1.15790	1.15663	1.15783	6632
2020-07-22 20:00	1.15783	1.15783	1.15673	1.15695	2537
2020-07-22 21:00	1.15693	1.15755	1.15668	1.15709	1023
2020-07-22 22:00	1.15726	1.15758	1.15693	1.15697	2409
2020-07-22 23:00	1.15697	1.15723	1.15642	1.15646	3992
2020-07-23 00:00	1.15647	1.15752	1.15641	1.15675	8357
2020-07-23 01:00	1.15674	1.15765	1.15642	1.15741	11957
2020-07-23 02:00	1.15740	1.15748	1.15656	1.15677	6342
2020-07-23 03:00	1.15677	1.15775	1.15674	1.15768	4230
2020-07-23 04:00	1.15769	1.15838	1.15752	1.15803	4606
2020-07-23 05:00	1.15803	1.15871	1.15774	1.15840	4770
2020-07-23 06:00	1.15840	1.15936	1.15838	1.15912	9072
2020-07-23 07:00	1.15911	1.15983	1.15704	1.15859	15390
2020-07-23 08:00	1.15860	1.15919	1.15788	1.15882	16782
2020-07-23 09:00	1.15883	1.15940	1.15850	1.15915	8896
2020-07-23 10:00	1.15916	1.15945	1.15819	1.15869	8971
2020-07-23 11:00	1.15869	1.15901	1.15688	1.15720	13013
2020-07-23 12:00	1.15719	1.15747	1.15416	1.15420	25191
2020-07-23 13:00	1.15421	1.15867	1.15403	1.15858	37338
2020-07-23 14:00	1.15858	1.16091	1.15755	1.15954	31100
2020-07-23 15:00	1.15953	1.16268	1.15814	1.16221	53615
2020-07-23 16:00	1.16224	1.16240	1.16110	1.16203	13614
2020-07-23 17:00	1.16202	1.16244	1.16027	1.16080	26696
2020-07-23 18:00	1.16078	1.16107	1.15980	1.16086	21313
2020-07-23 19:00	1.16085	1.16095	1.15887	1.15924	26024
2020-07-23 20:00	1.15925	1.15982	1.15899	1.15959	2970
2020-07-23 21:00	1.15959	1.15964	1.15915	1.15959	617
2020-07-23 22:00	1.15962	1.16025	1.15941	1.16024	2722
2020-07-23 23:00	1.16023	1.16025	1.15949	1.15952	3771
2020-07-24 00:00	1.15953	1.16162	1.15923	1.16139	5594
2020-07-24 01:00	1.16138	1.16210	1.16081	1.16136	7934
2020-07-24 02:00	1.16137	1.16156	1.16098	1.16149	6265
2020-07-24 03:00	1.16149	1.16183	1.16044	1.16130	8191
2020-07-24 04:00	1.16130	1.16143	1.15949	1.15980	7176
2020-07-24 05:00	1.15980	1.16026	1.15901	1.16026	7499
2020-07-24 06:00	1.16027	1.16171	1.16016	1.16142	24360
2020-07-24 07:00	1.16142	1.16213	1.15937	1.16099	46282
2020-07-24 08:00	1.16099	1.16157	1.15924	1.16003	50491
2020-07-24 09:00	1.16002	1.16118	1.15911	1.15974	15974
2020-07-24 10:00	1.15976	1.16041	1.15812	1.15837	33021
2020-07-24 11:00	1.15836	1.16015	1.15828	1.16010	12410
2020-07-24 12:00	1.16009	1.16175	1.16009	1.16148	17262
2020-07-24 13:00	1.16148	1.16218	1.15978	1.16120	28081
2020-07-24 14:00	1.16120	1.16385	1.16097	1.16250	47464
2020-07-24 15:00	1.16251	1.16378	1.16212	1.16340	37887
2020-07-24 16:00	1.16343	1.16377	1.16287	1.16349	22048
2020-07-24 17:00	1.16348	1.16445	1.16344	1.16406	7891
2020-07-24 18:00	1.16406	1.16475	1.16361	1.16361	10609
2020-07-24 19:00	1.16360	1.16422	1.16342	1.16411	7010
2020-07-24 20:00	1.16411	1.16580	1.16407	1.16546	3843
2020-07-26 21:00	1.16430	1.16457	1.16413	1.16445	278
2020-07-26 22:00	1.16445	1.16549	1.16429	1.16523	5042
2020-07-26 23:00	1.16525	1.16555	1.16421	1.16495	10753
2020-07-27 00:00	1.16496	1.16984	1.16494	1.16886	11417
2020-07-27 01:00	1.16885	1.16985	1.16852	1.16922	10695
2020-07-27 02:00	1.16924	1.17158	1.16895	1.17101	12113
2020-07-27 03:00	1.17101	1.17250	1.17074	1.17106	10496
2020-07-27 04:00	1.17106	1.17119	1.17000	1.17050	24928
2020-07-27 05:00	1.17051	1.17051	1.16951	1.17014	7672
2020-07-27 06:00	1.17013	1.17168	1.17008	1.17088	18527
2020-07-27 07:00	1.17088	1.17134	1.16895	1.16960	18537
2020-07-27 08:00	1.16959	1.17117	1.16936	1.16953	16292
2020-07-27 09:00	1.16953	1.17075	1.16818	1.17064	14615
2020-07-27 10:00	1.17063	1.17329	1.17050	1.17263	13326
2020-07-27 11:00	1.17263	1.17450	1.17176	1.17440	26694
2020-07-27 12:00	1.17442	1.17642	1.17356	1.17390	18947
2020-07-27 13:00	1.17390	1.17601	1.17280	1.17593	42891
2020-07-27 14:00	1.17592	1.17782	1.17471	1.17772	19768
2020-07-27 15:00	1.17770	1.17813	1.17494	1.17499	14760
2020-07-27 16:00	1.17501	1.17576	1.17433	1.17449	21786
2020-07-27 17:00	1.17448	1.17564	1.17448	1.17555	6042
2020-07-27 18:00	1.17554	1.17646	1.17502	1.17502	6328
2020-07-27 19:00	1.17501	1.17517	1.17423	1.17454	6530
2020-07-27 20:00	1.17453	1.17518	1.17441	1.17510	2481
2020-07-27 21:00	1.17512	1.17542	1.17459	1.17495	2430
2020-07-27 22:00	1.17501	1.17641	1.17491	1.17634	4093
2020-07-27 23:00	1.17633	1.17688	1.17513	1.17682	7340
2020-07-28 00:00	1.17681	1.17729	1.17601	1.17661	11142
2020-07-28 01:00	1.17660	1.17736	1.17555	1.17584	10293
2020-07-28 02:00	1.17583	1.17631	1.17432	1.17446	8644
2020-07-28 03:00	1.17447	1.17471	1.17141	1.17243	19972
2020-07-28 04:00	1.17243	1.17353	1.17181	1.17312	10818
2020-07-28 05:00	1.17311	1.17357	1.17211	1.17352	9380
2020-07-28 06:00	1.17351	1.17405	1.17243	1.17271	12310
2020-07-28 07:00	1.17272	1.17356	1.17058	1.17107	18224
2020-07-28 08:00	1.17110	1.17218	1.16987	1.17210	16329
2020-07-28 09:00	1.17213	1.17367	1.17108	1.17288	14954
2020-07-28 10:00	1.17289	1.17402	1.17254	1.17377	13843
2020-07-28 11:00	1.17378	1.17430	1.17001	1.17045	19642
2020-07-28 12:00	1.17045	1.17359	1.17041	1.17330	15935
2020-07-28 13:00	1.17329	1.17422	1.17215	1.17322	37694
2020-07-28 14:00	1.17321	1.17396	1.17082	1.17289	47513
2020-07-28 15:00	1.17291	1.17325	1.17124	1.17319	23158
2020-07-28 16:00	1.17319	1.17372	1.17281	1.17346	13127
2020-07-28 17:00	1.17347	1.17371	1.17277	1.17306	7689
2020-07-28 18:00	1.17306	1.17320	1.17190	1.17238	9622
2020-07-28 19:00	1.17239	1.17242	1.17122	1.17140	8159
2020-07-28 20:00	1.17139	1.17201	1.17132	1.17150	2824
2020-07-28 21:00	1.17148	1.17214	1.17118	1.17205	516
2020-07-28 22:00	1.17205	1.17234	1.17179	1.17199	2417
2020-07-28 23:00	1.17199	1.17217	1.17178	1.17185	2335
2020-07-29 00:00	1.17185	1.17256	1.17139	1.17214	7185
2020-07-29 01:00	1.17214	1.17242	1.17151	1.17240	7753
2020-07-29 02:00	1.17240	1.17313	1.17202	1.17283	23757
2020-07-29 03:00	1.17283	1.17320	1.17247	1.17285	6108
2020-07-29 04:00	1.17286	1.17338	1.17249	1.17295	4868
2020-07-29 05:00	1.17294	1.17346	1.17245	1.17344	5808
2020-07-29 06:00	1.17342	1.17508	1.17320	1.17474	11910
2020-07-29 07:00	1.17475	1.17699	1.17433	1.17593	21833
2020-07-29 08:00	1.17593	1.17631	1.17471	1.17506	13918
2020-07-29 09:00	1.17507	1.17543	1.17417	1.17471	21054
2020-07-29 10:00	1.17472	1.17544	1.17424	1.17462	11692
2020-07-29 11:00	1.17461	1.17465	1.17201	1.17223	14873
2020-07-29 12:00	1.17221	1.17454	1.17184	1.17435	32210
2020-07-29 13:00	1.17437	1.17641	1.17420	1.17551	30231
2020-07-29 14:00	1.17550	1.17783	1.17514	1.17747	25343
2020-07-29 15:00	1.17749	1.17770	1.17640	1.17692	15350
2020-07-29 16:00	1.17693	1.17773	1.17665	1.17736	8875
2020-07-29 17:00	1.17735	1.17906	1.17700	1.17869	10363
2020-07-29 18:00	1.17861	1.18061	1.17579	1.17664	32112
2020-07-29 19:00	1.17666	1.17933	1.17539	1.17768	23992
2020-07-29 20:00	1.17768	1.17971	1.17764	1.17907	4105
2020-07-29 21:00	1.17910	1.17931	1.17835	1.17924	3019
2020-07-29 22:00	1.17924	1.17931	1.17894	1.17897	1611
2020-07-29 23:00	1.17895	1.17897	1.17805	1.17806	3943
2020-07-30 00:00	1.17809	1.17845	1.17722	1.17795	8091
2020-07-30 01:00	1.17796	1.17839	1.17685	1.17702	9909
2020-07-30 02:00	1.17702	1.17774	1.17656	1.17770	6059
2020-07-30 03:00	1.17770	1.17850	1.17742	1.17762	5864
2020-07-30 04:00	1.17762	1.17766	1.17664	1.17683	8463
2020-07-30 05:00	1.17683	1.17692	1.17589	1.17597	17320
2020-07-30 06:00	1.17598	1.17629	1.17493	1.17564	15377
2020-07-30 07:00	1.17563	1.17648	1.17458	1.17577	23498
2020-07-30 08:00	1.17578	1.17640	1.17402	1.17418	20904
2020-07-30 09:00	1.17421	1.17615	1.17308	1.17574	20551
2020-07-30 10:00	1.17573	1.17586	1.17423	1.17469	12393
2020-07-30 11:00	1.17470	1.17600	1.17443	1.17487	12733
2020-07-30 12:00	1.17486	1.17789	1.17423	1.17770	18917
2020-07-30 13:00	1.17771	1.18097	1.17739	1.17878	30428
2020-07-30 14:00	1.17878	1.17973	1.17739	1.17951	52825
2020-07-30 15:00	1.17953	1.17957	1.17749	1.17902	19212
2020-07-30 16:00	1.17903	1.18061	1.17900	1.18036	12098
2020-07-30 17:00	1.18034	1.18341	1.18020	1.18281	12980
2020-07-30 18:00	1.18281	1.18385	1.18247	1.18385	8285
2020-07-30 19:00	1.18386	1.18447	1.18370	1.18447	8820
2020-07-30 20:00	1.18445	1.18482	1.18430	1.18467	3158
2020-07-30 21:00	1.18465	1.18470	1.18365	1.18412	914
2020-07-30 22:00	1.18414	1.18486	1.18401	1.18479	4019
2020-07-30 23:00	1.18481	1.18762	1.18430	1.18719	22030
2020-07-31 00:00	1.18718	1.18885	1.18620	1.18659	28477
2020-07-31 01:00	1.18662	1.18846	1.18618	1.18832	12270
2020-07-31 02:00	1.18832	1.19047	1.18820	1.18904	13995
2020-07-31 03:00	1.18904	1.18932	1.18826	1.18918	9203
2020-07-31 04:00	1.18918	1.18976	1.18851	1.18976	13464
2020-07-31 05:00	1.18974	1.18978	1.18859	1.18880	15851
2020-07-31 06:00	1.18880	1.19087	1.18769	1.19014	20705
2020-07-31 07:00	1.19013	1.19036	1.18740	1.18755	82542
2020-07-31 08:00	1.18756	1.18859	1.18521	1.18577	22064
2020-07-31 09:00	1.18577	1.18582	1.18383	1.18571	18295
2020-07-31 10:00	1.18569	1.18623	1.18461	1.18497	13726
2020-07-31 11:00	1.18498	1.18503	1.18273	1.18397	18618
2020-07-31 12:00	1.18397	1.18523	1.18367	1.18436	16325
2020-07-31 13:00	1.18438	1.18455	1.18018	1.18244	63938
2020-07-31 14:00	1.18243	1.18511	1.18200	1.18310	78640
2020-07-31 15:00	1.18308	1.18395	1.18119	1.18218	44304
2020-07-31 16:00	1.18217	1.18218	1.17617	1.17911	31150
2020-07-31 17:00	1.17911	1.18053	1.17855	1.17896	14986
2020-07-31 18:00	1.17899	1.17947	1.17781	1.17885	20543
2020-07-31 19:00	1.17885	1.17927	1.17746	1.17787	9060
2020-07-31 20:00	1.17787	1.17834	1.17693	1.17753	5384
2020-08-02 21:00	1.17725	1.17781	1.17717	1.17747	230
2020-08-02 22:00	1.17747	1.17963	1.17725	1.17942	3279
2020-08-02 23:00	1.17943	1.17966	1.17772	1.17810	4195
2020-08-03 00:00	1.17809	1.17887	1.17405	1.17532	14754
2020-08-03 01:00	1.17533	1.17722	1.17448	1.17712	14098
2020-08-03 02:00	1.17712	1.17731	1.17626	1.17677	7746
2020-08-03 03:00	1.17681	1.17757	1.17662	1.17728	7088
2020-08-03 04:00	1.17727	1.17821	1.17711	1.17756	5527
2020-08-03 05:00	1.17755	1.17788	1.17670	1.17738	6413
2020-08-03 06:00	1.17741	1.17752	1.17488	1.17500	11664
2020-08-03 07:00	1.17500	1.17680	1.17498	1.17621	17798
2020-08-03 08:00	1.17624	1.17849	1.17591	1.17790	41500
2020-08-03 09:00	1.17790	1.17796	1.17422	1.17444	13400
2020-08-03 10:00	1.17444	1.17450	1.17139	1.17248	46952
2020-08-03 11:00	1.17248	1.17346	1.17246	1.17252	11466
2020-08-03 12:00	1.17251	1.17342	1.17060	1.17074	15306
2020-08-03 13:00	1.17074	1.17243	1.16959	1.17230	22571
2020-08-03 14:00	1.17230	1.17432	1.17216	1.17379	24610
2020-08-03 15:00	1.17379	1.17507	1.17335	1.17496	14337
2020-08-03 16:00	1.17497	1.17519	1.17381	1.17491	8718
2020-08-03 17:00	1.17491	1.17585	1.17470	1.17518	8323
2020-08-03 18:00	1.17522	1.17631	1.17507	1.17590	6798
2020-08-03 19:00	1.17589	1.17656	1.17580	1.17640	5518
2020-08-03 20:00	1.17639	1.17678	1.17617	1.17617	2231
2020-08-03 21:00	1.17633	1.17653	1.17567	1.17596	796
2020-08-03 22:00	1.17607	1.17658	1.17593	1.17603	2476
2020-08-03 23:00	1.17603	1.17609	1.17560	1.17603	2678
2020-08-04 00:00	1.17603	1.17614	1.17521	1.17535	5090
2020-08-04 01:00	1.17537	1.17592	1.17533	1.17583	6330
2020-08-04 02:00	1.17583	1.17733	1.17569	1.17721	6433
2020-08-04 03:00	1.17720	1.17738	1.17635	1.17676	4173
2020-08-04 04:00	1.17676	1.17745	1.17669	1.17738	4813
2020-08-04 05:00	1.17737	1.17770	1.17640	1.17665	4763
2020-08-04 06:00	1.17666	1.17800	1.17639	1.17768	10747
2020-08-04 07:00	1.17767	1.18026	1.17715	1.17865	22014
2020-08-04 08:00	1.17865	1.17949	1.17727	1.17924	36790
2020-08-04 09:00	1.17924	1.18059	1.17920	1.17947	16580
2020-08-04 10:00	1.17945	1.17951	1.17680	1.17699	14949
2020-08-04 11:00	1.17700	1.17732	1.17543	1.17609	17469
2020-08-04 12:00	1.17609	1.17712	1.17220	1.17282	20750
2020-08-04 13:00	1.17283	1.17381	1.17211	1.17242	23803
2020-08-04 14:00	1.17241	1.17643	1.17238	1.17565	32239
2020-08-04 15:00	1.17566	1.17736	1.17506	1.17652	58010
2020-08-04 16:00	1.17652	1.17777	1.17644	1.17777	38999
2020-08-04 17:00	1.17777	1.17852	1.17757	1.17828	32342
2020-08-04 18:00	1.17828	1.17913	1.17746	1.17823	27598
2020-08-04 19:00	1.17820	1.18030	1.17819	1.18026	30548
2020-08-04 20:00	1.18027	1.18028	1.17945	1.18028	9929
2020-08-04 21:00	1.18026	1.18026	1.17960	1.17967	5347
2020-08-04 22:00	1.17964	1.18002	1.17929	1.17979	5264
2020-08-04 23:00	1.17981	1.18148	1.17943	1.18136	14675
2020-08-05 00:00	1.18135	1.18150	1.18009	1.18091	24514
2020-08-05 01:00	1.18091	1.18135	1.18049	1.18100	25043
2020-08-05 02:00	1.18098	1.18214	1.18062	1.18196	21956
2020-08-05 03:00	1.18197	1.18200	1.18120	1.18151	16469
2020-08-05 04:00	1.18152	1.18182	1.18131	1.18168	12529
2020-08-05 05:00	1.18168	1.18178	1.18029	1.18031	17473
2020-08-05 06:00	1.18029	1.18259	1.17992	1.18243	47883
2020-08-05 07:00	1.18242	1.18299	1.18149	1.18202	63308
2020-08-05 08:00	1.18202	1.18414	1.18067	1.18402	59177
2020-08-05 09:00	1.18405	1.18615	1.18339	1.18564	85120
2020-08-05 10:00	1.18564	1.18616	1.18317	1.18336	66716
2020-08-05 11:00	1.18337	1.18564	1.18327	1.18549	66394
2020-08-05 12:00	1.18550	1.18809	1.18475	1.18777	71618
2020-08-05 13:00	1.18779	1.19000	1.18628	1.18917	78350
2020-08-05 14:00	1.18912	1.19002	1.18711	1.18816	90988
2020-08-05 15:00	1.18815	1.19048	1.18809	1.18967	96675
2020-08-05 16:00	1.18967	1.18982	1.18671	1.18731	45289
2020-08-05 17:00	1.18731	1.18787	1.18625	1.18656	43807
2020-08-05 18:00	1.18655	1.18678	1.18544	1.18599	33951
2020-08-05 19:00	1.18600	1.18660	1.18582	1.18591	36920
2020-08-05 20:00	1.18591	1.18652	1.18556	1.18629	19086
2020-08-05 21:00	1.18627	1.18664	1.18614	1.18650	1516
2020-08-05 22:00	1.18650	1.18759	1.18647	1.18724	5952
2020-08-05 23:00	1.18724	1.18753	1.18700	1.18720	9194
2020-08-06 00:00	1.18721	1.18859	1.18709	1.18784	38174
2020-08-06 01:00	1.18784	1.18838	1.18685	1.18718	31403
2020-08-06 02:00	1.18719	1.18729	1.18627	1.18634	41655
2020-08-06 03:00	1.18635	1.18756	1.18630	1.18725	33682
2020-08-06 04:00	1.18725	1.18802	1.18725	1.18791	27120
2020-08-06 05:00	1.18790	1.18856	1.18780	1.18813	31118
2020-08-06 06:00	1.18816	1.19160	1.18720	1.18803	87860
2020-08-06 07:00	1.18802	1.18802	1.18381	1.18424	179724
2020-08-06 08:00	1.18424	1.18588	1.18390	1.18423	93329
2020-08-06 09:00	1.18423	1.18703	1.18380	1.18606	88092
2020-08-06 10:00	1.18606	1.18646	1.18410	1.18426	89650
2020-08-06 11:00	1.18428	1.18501	1.18320	1.18472	91094
2020-08-06 12:00	1.18473	1.18638	1.18366	1.18488	132110
2020-08-06 13:00	1.18488	1.18664	1.18320	1.18564	87695
2020-08-06 14:00	1.18563	1.18585	1.18179	1.18436	103879
2020-08-06 15:00	1.18438	1.18552	1.18383	1.18542	60509
2020-08-06 16:00	1.18545	1.18904	1.18542	1.18799	23290
2020-08-06 17:00	1.18801	1.18935	1.18669	1.18786	13185
2020-08-06 18:00	1.18787	1.18790	1.18671	1.18740	10125
2020-08-06 19:00	1.18740	1.18796	1.18633	1.18746	10175
2020-08-06 20:00	1.18747	1.18799	1.18723	1.18763	2129
2020-08-06 21:00	1.18763	1.18787	1.18706	1.18761	606
2020-08-06 22:00	1.18762	1.18828	1.18762	1.18812	1542
2020-08-06 23:00	1.18812	1.18814	1.18728	1.18752	2136
2020-08-07 00:00	1.18753	1.18818	1.18713	1.18740	4583
2020-08-07 01:00	1.18739	1.18744	1.18631	1.18686	13189
2020-08-07 02:00	1.18685	1.18691	1.18320	1.18385	32465
2020-08-07 03:00	1.18385	1.18407	1.18230	1.18261	39978
2020-08-07 04:00	1.18264	1.18376	1.18195	1.18352	6095
2020-08-07 05:00	1.18352	1.18448	1.18300	1.18426	4549
2020-08-07 06:00	1.18427	1.18477	1.18299	1.18312	22522
2020-08-07 07:00	1.18311	1.18506	1.18311	1.18404	29642
2020-08-07 08:00	1.18403	1.18403	1.18210	1.18326	19610
2020-08-07 09:00	1.18327	1.18361	1.18092	1.18170	21698
2020-08-07 10:00	1.18169	1.18238	1.18124	1.18228	15379
2020-08-07 11:00	1.18226	1.18241	1.18100	1.18177	15466
2020-08-07 12:00	1.18176	1.18455	1.18021	1.18310	73886
2020-08-07 13:00	1.18309	1.18331	1.17643	1.17726	38869
2020-08-07 14:00	1.17727	1.17906	1.17551	1.17883	34689
2020-08-07 15:00	1.17884	1.17968	1.17736	1.17751	19931
2020-08-07 16:00	1.17751	1.17815	1.17679	1.17690	11779
2020-08-07 17:00	1.17689	1.17820	1.17664	1.17811	8783
2020-08-07 18:00	1.17810	1.17858	1.17782	1.17807	9938
2020-08-07 19:00	1.17806	1.17887	1.17800	1.17886	5288
2020-08-07 20:00	1.17884	1.17887	1.17840	1.17862	2024
2020-08-09 21:00	1.17886	1.17896	1.17838	1.17850	160
2020-08-09 22:00	1.17853	1.17884	1.17732	1.17758	4226
2020-08-09 23:00	1.17758	1.17834	1.17758	1.17810	2631
2020-08-10 00:00	1.17810	1.17953	1.17810	1.17938	3487
2020-08-10 01:00	1.17937	1.17969	1.17898	1.17931	12069
2020-08-10 02:00	1.17932	1.17982	1.17914	1.17927	3003
2020-08-10 03:00	1.17928	1.17951	1.17898	1.17950	2744
2020-08-10 04:00	1.17950	1.17962	1.17903	1.17908	1989
2020-08-10 05:00	1.17908	1.17941	1.17895	1.17939	2101
2020-08-10 06:00	1.17939	1.18006	1.17650	1.17659	11543
2020-08-10 07:00	1.17660	1.17756	1.17595	1.17660	15912
2020-08-10 08:00	1.17660	1.17756	1.17522	1.17722	18271
2020-08-10 09:00	1.17726	1.17754	1.17576	1.17597	13254
2020-08-10 10:00	1.17601	1.17662	1.17450	1.17460	28189
2020-08-10 11:00	1.17460	1.17564	1.17406	1.17535	13277
2020-08-10 12:00	1.17537	1.17713	1.17515	1.17675	12988
2020-08-10 13:00	1.17675	1.17917	1.17596	1.17874	49783
2020-08-10 14:00	1.17873	1.17874	1.17618	1.17657	42499
2020-08-10 15:00	1.17655	1.17718	1.17510	1.17557	18909
2020-08-10 16:00	1.17557	1.17590	1.17465	1.17532	12458
2020-08-10 17:00	1.17533	1.17565	1.17488	1.17519	7189
2020-08-10 18:00	1.17518	1.17523	1.17432	1.17438	8250
2020-08-10 19:00	1.17438	1.17441	1.17361	1.17436	13854
2020-08-10 20:00	1.17435	1.17448	1.17359	1.17371	2738
2020-08-10 21:00	1.17373	1.17417	1.17360	1.17392	1305
2020-08-10 22:00	1.17392	1.17423	1.17359	1.17414	1566
2020-08-10 23:00	1.17414	1.17429	1.17357	1.17360	1698
2020-08-11 00:00	1.17360	1.17375	1.17219	1.17246	5405
2020-08-11 01:00	1.17246	1.17473	1.17233	1.17436	16526
2020-08-11 02:00	1.17436	1.17503	1.17428	1.17446	3705
2020-08-11 03:00	1.17446	1.17497	1.17422	1.17486	2781
2020-08-11 04:00	1.17486	1.17548	1.17478	1.17521	3023
2020-08-11 05:00	1.17520	1.17549	1.17447	1.17491	4164
2020-08-11 06:00	1.17491	1.17564	1.17229	1.17334	18299
2020-08-11 07:00	1.17334	1.17480	1.17301	1.17458	24857
2020-08-11 08:00	1.17459	1.17744	1.17446	1.17722	25321
2020-08-11 09:00	1.17722	1.17873	1.17711	1.17873	30089
2020-08-11 10:00	1.17878	1.18080	1.17874	1.17908	15571
2020-08-11 11:00	1.17910	1.18043	1.17785	1.17802	20201
2020-08-11 12:00	1.17806	1.18070	1.17770	1.17973	20865
2020-08-11 13:00	1.17971	1.17974	1.17568	1.17823	97198
2020-08-11 14:00	1.17823	1.17845	1.17639	1.17653	153493
2020-08-11 15:00	1.17653	1.17884	1.17618	1.17630	21064
2020-08-11 16:00	1.17632	1.17753	1.17618	1.17711	14391
2020-08-11 17:00	1.17712	1.17716	1.17547	1.17630	12932
2020-08-11 18:00	1.17631	1.17653	1.17415	1.17451	11139
2020-08-11 19:00	1.17451	1.17466	1.17281	1.17357	78542
2020-08-11 20:00	1.17355	1.17401	1.17290	1.17395	2617
2020-08-11 21:00	1.17395	1.17456	1.17389	1.17412	1220
2020-08-11 22:00	1.17408	1.17446	1.17401	1.17433	2169
2020-08-11 23:00	1.17433	1.17436	1.17335	1.17347	2329
2020-08-12 00:00	1.17348	1.17428	1.17260	1.17338	6073
2020-08-12 01:00	1.17339	1.17411	1.17247	1.17292	36299
2020-08-12 02:00	1.17292	1.17320	1.17159	1.17202	62382
2020-08-12 03:00	1.17201	1.17247	1.17162	1.17211	5069
2020-08-12 04:00	1.17211	1.17211	1.17110	1.17141	6031
2020-08-12 05:00	1.17141	1.17249	1.17121	1.17230	3610
2020-08-12 06:00	1.17231	1.17385	1.17206	1.17256	16975
2020-08-12 07:00	1.17256	1.17501	1.17251	1.17484	29528
2020-08-12 08:00	1.17485	1.17605	1.17411	1.17475	15569
2020-08-12 09:00	1.17475	1.17752	1.17444	1.17675	13606
2020-08-12 10:00	1.17678	1.17790	1.17639	1.17780	12786
2020-08-12 11:00	1.17780	1.17787	1.17558	1.17649	14478
2020-08-12 12:00	1.17667	1.17957	1.17614	1.17905	25183
2020-08-12 13:00	1.17905	1.18012	1.17800	1.17812	79062
2020-08-12 14:00	1.17811	1.18170	1.17720	1.18051	155294
2020-08-12 15:00	1.18053	1.18057	1.17901	1.17953	92357
2020-08-12 16:00	1.17953	1.18001	1.17870	1.17914	10065
2020-08-12 17:00	1.17913	1.17970	1.17840	1.17912	11695
2020-08-12 18:00	1.17910	1.17970	1.17836	1.17838	7809
2020-08-12 19:00	1.17837	1.17895	1.17826	1.17870	7161
2020-08-12 20:00	1.17869	1.17901	1.17835	1.17835	1966
2020-08-12 21:00	1.17835	1.17866	1.17796	1.17829	1002
2020-08-12 22:00	1.17836	1.17904	1.17836	1.17875	1191
2020-08-12 23:00	1.17875	1.17961	1.17854	1.17939	1949
2020-08-13 00:00	1.17939	1.18107	1.17937	1.18065	4688
2020-08-13 01:00	1.18064	1.18171	1.18043	1.18080	43849
2020-08-13 02:00	1.18080	1.18107	1.18048	1.18099	4775
2020-08-13 03:00	1.18100	1.18146	1.18068	1.18074	3677
2020-08-13 04:00	1.18075	1.18095	1.18007	1.18011	3075
2020-08-13 05:00	1.18008	1.18152	1.18004	1.18140	4588
2020-08-13 06:00	1.18143	1.18379	1.18136	1.18249	29129
2020-08-13 07:00	1.18248	1.18346	1.18178	1.18273	51351
2020-08-13 08:00	1.18275	1.18412	1.18154	1.18381	43513
2020-08-13 09:00	1.18385	1.18412	1.18265	1.18337	16741
2020-08-13 10:00	1.18336	1.18532	1.18319	1.18426	16094
2020-08-13 11:00	1.18426	1.18529	1.18330	1.18367	13444
2020-08-13 12:00	1.18366	1.18501	1.18230	1.18488	39849
2020-08-13 13:00	1.18489	1.18614	1.18282	1.18556	84067
2020-08-13 14:00	1.18554	1.18641	1.18330	1.18395	20352
2020-08-13 15:00	1.18395	1.18398	1.18131	1.18178	16288
2020-08-13 16:00	1.18177	1.18218	1.18150	1.18171	7647
2020-08-13 17:00	1.18171	1.18210	1.18110	1.18166	9126
2020-08-13 18:00	1.18167	1.18185	1.17934	1.17981	20242
2020-08-13 19:00	1.17980	1.18080	1.17968	1.18080	13871
2020-08-13 20:00	1.18082	1.18164	1.18075	1.18131	1914
2020-08-13 21:00	1.18126	1.18162	1.18123	1.18148	456
2020-08-13 22:00	1.18148	1.18175	1.18112	1.18172	1630
2020-08-13 23:00	1.18172	1.18207	1.18151	1.18155	2699
2020-08-14 00:00	1.18153	1.18159	1.18071	1.18093	5267
2020-08-14 01:00	1.18094	1.18123	1.18015	1.18121	8038
2020-08-14 02:00	1.18123	1.18131	1.18053	1.18092	5973
2020-08-14 03:00	1.18091	1.18138	1.18023	1.18103	4397
2020-08-14 04:00	1.18104	1.18185	1.18079	1.18131	3777
2020-08-14 05:00	1.18131	1.18217	1.18112	1.18198	4462
2020-08-14 06:00	1.18197	1.18266	1.18070	1.18083	11352
2020-08-14 07:00	1.18083	1.18140	1.17906	1.18012	23383
2020-08-14 08:00	1.18014	1.18173	1.17950	1.18161	20470
2020-08-14 09:00	1.18159	1.18180	1.17817	1.17911	16555
2020-08-14 10:00	1.17912	1.18103	1.17912	1.18088	25371
2020-08-14 11:00	1.18087	1.18176	1.18062	1.18082	16197
2020-08-14 12:00	1.18083	1.18300	1.18064	1.18184	74326
2020-08-14 13:00	1.18182	1.18363	1.18146	1.18349	30397
2020-08-14 14:00	1.18348	1.18375	1.18103	1.18287	20559
2020-08-14 15:00	1.18288	1.18336	1.18243	1.18325	11348
2020-08-14 16:00	1.18325	1.18487	1.18293	1.18452	25001
2020-08-14 17:00	1.18451	1.18503	1.18368	1.18390	10355
2020-08-14 18:00	1.18392	1.18426	1.18350	1.18381	5571
2020-08-14 19:00	1.18381	1.18393	1.18339	1.18359	4363
2020-08-14 20:00	1.18358	1.18430	1.18357	1.18414	2476
2020-08-16 21:00	1.18389	1.18437	1.18324	1.18430	216
2020-08-16 22:00	1.18430	1.18454	1.18412	1.18415	1266
2020-08-16 23:00	1.18416	1.18528	1.18414	1.18518	2330
2020-08-17 00:00	1.18518	1.18518	1.18412	1.18473	3309
2020-08-17 01:00	1.18473	1.18489	1.18432	1.18461	3322
2020-08-17 02:00	1.18462	1.18675	1.18459	1.18578	3890
2020-08-17 03:00	1.18574	1.18611	1.18555	1.18599	2643
2020-08-17 04:00	1.18599	1.18599	1.18531	1.18564	2033
2020-08-17 05:00	1.18563	1.18625	1.18519	1.18608	2783
2020-08-17 06:00	1.18611	1.18678	1.18574	1.18620	9248
2020-08-17 07:00	1.18621	1.18662	1.18437	1.18530	38684
2020-08-17 08:00	1.18531	1.18539	1.18286	1.18382	59623
2020-08-17 09:00	1.18381	1.18563	1.18367	1.18553	15271
2020-08-17 10:00	1.18552	1.18570	1.18432	1.18505	12713
2020-08-17 11:00	1.18509	1.18575	1.18339	1.18562	13839
2020-08-17 12:00	1.18562	1.18637	1.18485	1.18568	13066
2020-08-17 13:00	1.18571	1.18809	1.18513	1.18731	17176
2020-08-17 14:00	1.18731	1.18807	1.18622	1.18676	56219
2020-08-17 15:00	1.18674	1.18700	1.18618	1.18686	11885
2020-08-17 16:00	1.18687	1.18692	1.18568	1.18677	13711
2020-08-17 17:00	1.18678	1.18713	1.18638	1.18638	6232
2020-08-17 18:00	1.18638	1.18669	1.18602	1.18658	5407
2020-08-17 19:00	1.18657	1.18721	1.18636	1.18710	5032
2020-08-17 20:00	1.18715	1.18739	1.18695	1.18698	1988
2020-08-17 21:00	1.18698	1.18759	1.18658	1.18738	934
2020-08-17 22:00	1.18737	1.18737	1.18685	1.18726	1413
2020-08-17 23:00	1.18726	1.18753	1.18711	1.18745	2492
2020-08-18 00:00	1.18745	1.18917	1.18742	1.18905	7346
2020-08-18 01:00	1.18905	1.18965	1.18830	1.18896	9540
2020-08-18 02:00	1.18896	1.18947	1.18862	1.18889	6647
2020-08-18 03:00	1.18892	1.18922	1.18854	1.18857	5264
2020-08-18 04:00	1.18858	1.18950	1.18858	1.18917	5026
2020-08-18 05:00	1.18923	1.18955	1.18886	1.18920	4335
2020-08-18 06:00	1.18923	1.19040	1.18834	1.18855	31123
2020-08-18 07:00	1.18854	1.19057	1.18824	1.18931	19697
2020-08-18 08:00	1.18930	1.19151	1.18859	1.19103	20433
2020-08-18 09:00	1.19102	1.19124	1.19009	1.19030	28730
2020-08-18 10:00	1.19030	1.19096	1.18971	1.19008	11136
2020-08-18 11:00	1.19006	1.19077	1.18977	1.19064	16203
2020-08-18 12:00	1.19065	1.19446	1.19039	1.19361	16981
2020-08-18 13:00	1.19364	1.19656	1.19353	1.19578	37192
2020-08-18 14:00	1.19579	1.19608	1.19189	1.19205	32105
2020-08-18 15:00	1.19205	1.19324	1.19179	1.19278	16683
2020-08-18 16:00	1.19278	1.19382	1.19219	1.19358	26973
2020-08-18 17:00	1.19359	1.19382	1.19296	1.19316	9908
2020-08-18 18:00	1.19316	1.19386	1.19282	1.19379	6283
2020-08-18 19:00	1.19378	1.19383	1.19302	1.19330	5135
2020-08-18 20:00	1.19331	1.19381	1.19290	1.19305	1828
2020-08-18 21:00	1.19306	1.19336	1.19296	1.19317	566
2020-08-18 22:00	1.19315	1.19398	1.19277	1.19394	4757
2020-08-18 23:00	1.19395	1.19509	1.19357	1.19464	2780
2020-08-19 00:00	1.19463	1.19517	1.19395	1.19475	9093
2020-08-19 01:00	1.19475	1.19526	1.19380	1.19402	8801
2020-08-19 02:00	1.19401	1.19403	1.19321	1.19368	6515
2020-08-19 03:00	1.19368	1.19408	1.19277	1.19296	4663
2020-08-19 04:00	1.19296	1.19351	1.19287	1.19309	4468
2020-08-19 05:00	1.19309	1.19420	1.19278	1.19372	6172
2020-08-19 06:00	1.19372	1.19474	1.19347	1.19352	34244
2020-08-19 07:00	1.19351	1.19386	1.19221	1.19372	25529
2020-08-19 08:00	1.19372	1.19458	1.19340	1.19403	18535
2020-08-19 09:00	1.19404	1.19507	1.19324	1.19365	13357
2020-08-19 10:00	1.19365	1.19432	1.19330	1.19372	12302
2020-08-19 11:00	1.19373	1.19418	1.19254	1.19345	16223
2020-08-19 12:00	1.19346	1.19388	1.19273	1.19307	22763
2020-08-19 13:00	1.19304	1.19486	1.19252	1.19434	37754
2020-08-19 14:00	1.19433	1.19462	1.18962	1.19002	70370
2020-08-19 15:00	1.19003	1.19090	1.18903	1.18979	24518
2020-08-19 16:00	1.18979	1.18980	1.18656	1.18775	21586
2020-08-19 17:00	1.18776	1.18832	1.18685	1.18821	10102
2020-08-19 18:00	1.18817	1.18939	1.18302	1.18558	157757
2020-08-19 19:00	1.18556	1.18599	1.18369	1.18456	13985
2020-08-19 20:00	1.18455	1.18471	1.18365	1.18385	2938
2020-08-19 21:00	1.18396	1.18443	1.18375	1.18427	1051
2020-08-19 22:00	1.18427	1.18530	1.18388	1.18512	3096
2020-08-19 23:00	1.18513	1.18515	1.18426	1.18437	4503
2020-08-20 00:00	1.18440	1.18500	1.18386	1.18445	6206
2020-08-20 01:00	1.18446	1.18478	1.18312	1.18439	12424
2020-08-20 02:00	1.18439	1.18443	1.18353	1.18443	7110
2020-08-20 03:00	1.18443	1.18533	1.18419	1.18472	7250
2020-08-20 04:00	1.18471	1.18516	1.18455	1.18477	4045
2020-08-20 05:00	1.18477	1.18477	1.18329	1.18415	7204
2020-08-20 06:00	1.18414	1.18468	1.18326	1.18389	14321
2020-08-20 07:00	1.18388	1.18686	1.18378	1.18527	19815
2020-08-20 08:00	1.18527	1.18561	1.18120	1.18367	32369
2020-08-20 09:00	1.18363	1.18446	1.18212	1.18338	21398
2020-08-20 10:00	1.18338	1.18449	1.18275	1.18398	14755
2020-08-20 11:00	1.18398	1.18502	1.18305	1.18495	19157
2020-08-20 12:00	1.18493	1.18560	1.18262	1.18305	17518
2020-08-20 13:00	1.18308	1.18375	1.18019	1.18300	26454
2020-08-20 14:00	1.18301	1.18482	1.18229	1.18413	104973
2020-08-20 15:00	1.18412	1.18617	1.18385	1.18593	56628
2020-08-20 16:00	1.18598	1.18653	1.18526	1.18541	15215
2020-08-20 17:00	1.18539	1.18586	1.18487	1.18507	11793
2020-08-20 18:00	1.18508	1.18596	1.18497	1.18520	11366
2020-08-20 19:00	1.18519	1.18620	1.18495	1.18615	9166
2020-08-20 20:00	1.18615	1.18632	1.18596	1.18599	1309
2020-08-20 21:00	1.18599	1.18621	1.18548	1.18610	445
2020-08-20 22:00	1.18608	1.18656	1.18606	1.18651	2547
2020-08-20 23:00	1.18651	1.18711	1.18647	1.18695	2690
2020-08-21 00:00	1.18694	1.18767	1.18673	1.18742	5259
2020-08-21 01:00	1.18742	1.18754	1.18644	1.18670	18369
2020-08-21 02:00	1.18669	1.18724	1.18628	1.18714	5309
2020-08-21 03:00	1.18717	1.18754	1.18708	1.18731	3246
2020-08-21 04:00	1.18731	1.18781	1.18721	1.18768	3573
2020-08-21 05:00	1.18767	1.18828	1.18747	1.18810	5020
2020-08-21 06:00	1.18811	1.18825	1.18652	1.18703	52335
2020-08-21 07:00	1.18703	1.18732	1.18326	1.18405	34405
2020-08-21 08:00	1.18405	1.18405	1.17990	1.18126	56424
2020-08-21 09:00	1.18126	1.18183	1.18049	1.18136	16692
2020-08-21 10:00	1.18137	1.18172	1.17833	1.18026	17959
2020-08-21 11:00	1.18026	1.18026	1.17720	1.17745	28288
2020-08-21 12:00	1.17744	1.17897	1.17602	1.17849	24029
2020-08-21 13:00	1.17849	1.17874	1.17548	1.17612	21558
2020-08-21 14:00	1.17612	1.17873	1.17541	1.17795	19159
2020-08-21 15:00	1.17795	1.17853	1.17696	1.17741	13697
2020-08-21 16:00	1.17742	1.17742	1.17616	1.17722	20479
2020-08-21 17:00	1.17721	1.17858	1.17694	1.17847	23911
2020-08-21 18:00	1.17846	1.17888	1.17805	1.17881	5159
2020-08-21 19:00	1.17881	1.17953	1.17855	1.17942	4812
2020-08-21 20:00	1.17942	1.17984	1.17939	1.17949	3013
2020-08-23 21:00	1.17911	1.17983	1.17911	1.17949	276
2020-08-23 22:00	1.17949	1.18018	1.17949	1.18008	3151
2020-08-23 23:00	1.18015	1.18065	1.17965	1.17981	2917
2020-08-24 00:00	1.17981	1.18001	1.17907	1.17947	4132
2020-08-24 01:00	1.17947	1.18064	1.17933	1.18022	5048
2020-08-24 02:00	1.18021	1.18045	1.17905	1.17912	2797
2020-08-24 03:00	1.17911	1.17952	1.17845	1.17877	3450
2020-08-24 04:00	1.17876	1.17946	1.17871	1.17943	2748
2020-08-24 05:00	1.17944	1.18037	1.17910	1.18037	2738
2020-08-24 06:00	1.18036	1.18087	1.17946	1.18059	8573
2020-08-24 07:00	1.18060	1.18153	1.18030	1.18140	14728
2020-08-24 08:00	1.18140	1.18249	1.18086	1.18219	12109
2020-08-24 09:00	1.18218	1.18397	1.18215	1.18334	10805
2020-08-24 10:00	1.18333	1.18442	1.18277	1.18321	7040
2020-08-24 11:00	1.18322	1.18460	1.18281	1.18430	9589
2020-08-24 12:00	1.18432	1.18495	1.18328	1.18420	17465
2020-08-24 13:00	1.18420	1.18449	1.18253	1.18257	27126
2020-08-24 14:00	1.18258	1.18281	1.18107	1.18132	22551
2020-08-24 15:00	1.18132	1.18143	1.17925	1.18028	23488
2020-08-24 16:00	1.18026	1.18066	1.17915	1.17994	13683
2020-08-24 17:00	1.17993	1.18054	1.17934	1.17975	9557
2020-08-24 18:00	1.17974	1.17994	1.17916	1.17920	7047
2020-08-24 19:00	1.17920	1.17928	1.17841	1.17918	5441
2020-08-24 20:00	1.17917	1.17917	1.17850	1.17873	1360
2020-08-24 21:00	1.17871	1.17928	1.17857	1.17911	734
2020-08-24 22:00	1.17893	1.17951	1.17893	1.17936	1285
2020-08-24 23:00	1.17938	1.17951	1.17909	1.17934	1302
2020-08-25 00:00	1.17934	1.18004	1.17841	1.17985	4935
2020-08-25 01:00	1.17984	1.18071	1.17962	1.18062	5273
2020-08-25 02:00	1.18063	1.18083	1.17995	1.18048	4479
2020-08-25 03:00	1.18046	1.18079	1.18018	1.18058	2686
2020-08-25 04:00	1.18060	1.18147	1.18060	1.18104	2869
2020-08-25 05:00	1.18104	1.18114	1.18053	1.18098	2899
2020-08-25 06:00	1.18097	1.18151	1.17987	1.17998	9478
2020-08-25 07:00	1.17999	1.18295	1.17979	1.18267	30229
2020-08-25 08:00	1.18267	1.18348	1.18109	1.18235	16662
2020-08-25 09:00	1.18236	1.18424	1.18208	1.18281	14269
2020-08-25 10:00	1.18282	1.18382	1.18241	1.18258	11807
2020-08-25 11:00	1.18257	1.18310	1.18100	1.18131	11368
2020-08-25 12:00	1.18131	1.18215	1.18037	1.18163	31875
2020-08-25 13:00	1.18163	1.18435	1.18150	1.18303	49299
2020-08-25 14:00	1.18303	1.18369	1.18116	1.18227	148458
2020-08-25 15:00	1.18230	1.18311	1.18092	1.18175	27293
2020-08-25 16:00	1.18176	1.18198	1.18050	1.18117	9857
2020-08-25 17:00	1.18118	1.18209	1.18112	1.18208	5479
2020-08-25 18:00	1.18208	1.18348	1.18186	1.18343	20885
2020-08-25 19:00	1.18342	1.18373	1.18306	1.18306	5320
2020-08-25 20:00	1.18306	1.18357	1.18305	1.18343	1605
2020-08-25 21:00	1.18340	1.18366	1.18330	1.18333	595
2020-08-25 22:00	1.18334	1.18367	1.18323	1.18333	1467
2020-08-25 23:00	1.18333	1.18385	1.18314	1.18339	2787
2020-08-26 00:00	1.18340	1.18390	1.18275	1.18287	6100
2020-08-26 01:00	1.18289	1.18348	1.18274	1.18323	6019
2020-08-26 02:00	1.18325	1.18325	1.18176	1.18194	5604
2020-08-26 03:00	1.18194	1.18209	1.18165	1.18185	3123
2020-08-26 04:00	1.18185	1.18210	1.18100	1.18118	3990
2020-08-26 05:00	1.18119	1.18141	1.18069	1.18126	6332
2020-08-26 06:00	1.18126	1.18196	1.18103	1.18118	12730
2020-08-26 07:00	1.18119	1.18251	1.18005	1.18075	49997
2020-08-26 08:00	1.18075	1.18232	1.18041	1.18142	16718
2020-08-26 09:00	1.18142	1.18204	1.18039	1.18165	12393
2020-08-26 10:00	1.18167	1.18255	1.18094	1.18130	11880
2020-08-26 11:00	1.18131	1.18179	1.17953	1.17956	12466
2020-08-26 12:00	1.17956	1.17978	1.17721	1.17884	33585
2020-08-26 13:00	1.17883	1.18190	1.17811	1.18151	25212
2020-08-26 14:00	1.18151	1.18276	1.18087	1.18176	18811
2020-08-26 15:00	1.18175	1.18269	1.18104	1.18127	12416
2020-08-26 16:00	1.18127	1.18355	1.18120	1.18323	9486
2020-08-26 17:00	1.18322	1.18391	1.18230	1.18231	7625
2020-08-26 18:00	1.18230	1.18249	1.18148	1.18152	7361
2020-08-26 19:00	1.18153	1.18286	1.18150	1.18283	6363
2020-08-26 20:00	1.18280	1.18324	1.18255	1.18298	2235
2020-08-26 21:00	1.18297	1.18329	1.18284	1.18306	333
2020-08-26 22:00	1.18307	1.18381	1.18302	1.18365	2212
2020-08-26 23:00	1.18367	1.18406	1.18346	1.18400	1343
2020-08-27 00:00	1.18403	1.18449	1.18363	1.18393	11299
2020-08-27 01:00	1.18394	1.18497	1.18282	1.18290	9977
2020-08-27 02:00	1.18291	1.18328	1.18256	1.18277	4815
2020-08-27 03:00	1.18276	1.18342	1.18242	1.18336	2010
2020-08-27 04:00	1.18337	1.18358	1.18310	1.18327	2255
2020-08-27 05:00	1.18326	1.18329	1.18241	1.18309	5176
2020-08-27 06:00	1.18310	1.18395	1.18240	1.18307	10532
2020-08-27 07:00	1.18308	1.18401	1.18165	1.18342	69081
2020-08-27 08:00	1.18345	1.18390	1.18278	1.18338	15759
2020-08-27 09:00	1.18341	1.18404	1.18215	1.18249	11827
2020-08-27 10:00	1.18249	1.18258	1.18017	1.18057	44238
2020-08-27 11:00	1.18055	1.18186	1.17941	1.18128	30689
2020-08-27 12:00	1.18130	1.18390	1.17991	1.18325	29274
2020-08-27 13:00	1.18325	1.19018	1.17870	1.18040	73156
2020-08-27 14:00	1.18038	1.18096	1.17623	1.17888	53288
2020-08-27 15:00	1.17887	1.18297	1.17795	1.18229	27499
2020-08-27 16:00	1.18232	1.18325	1.17955	1.17973	20596
2020-08-27 17:00	1.17973	1.18276	1.17929	1.18224	17906
2020-08-27 18:00	1.18229	1.18349	1.18217	1.18223	11059
2020-08-27 19:00	1.18224	1.18275	1.18180	1.18190	9423
2020-08-27 20:00	1.18190	1.18237	1.18181	1.18215	1841
2020-08-27 21:00	1.18215	1.18215	1.18195	1.18198	433
2020-08-27 22:00	1.18197	1.18247	1.18183	1.18184	2682
2020-08-27 23:00	1.18185	1.18219	1.18149	1.18205	2648
2020-08-28 00:00	1.18205	1.18209	1.18109	1.18171	5673
2020-08-28 01:00	1.18171	1.18287	1.18146	1.18285	7332
2020-08-28 02:00	1.18285	1.18361	1.18262	1.18354	7422
2020-08-28 03:00	1.18355	1.18595	1.18350	1.18590	7998
2020-08-28 04:00	1.18589	1.18743	1.18526	1.18736	6350
2020-08-28 05:00	1.18738	1.18794	1.18630	1.18732	27513
2020-08-28 06:00	1.18732	1.18775	1.18609	1.18670	35147
2020-08-28 07:00	1.18669	1.18998	1.18666	1.18913	143413
2020-08-28 08:00	1.18914	1.19178	1.18857	1.19091	84922
2020-08-28 09:00	1.19090	1.19197	1.18864	1.18891	28249
2020-08-28 10:00	1.18892	1.19057	1.18854	1.19046	17184
2020-08-28 11:00	1.19047	1.19188	1.19002	1.19112	14896
2020-08-28 12:00	1.19114	1.19189	1.18746	1.18858	20416
2020-08-28 13:00	1.18858	1.18973	1.18751	1.18787	45770
2020-08-28 14:00	1.18790	1.19110	1.18673	1.18961	61100
2020-08-28 15:00	1.18962	1.19068	1.18873	1.19003	17571
2020-08-28 16:00	1.19001	1.19057	1.18878	1.18884	8344
2020-08-28 17:00	1.18885	1.18926	1.18843	1.18865	13706
2020-08-28 18:00	1.18865	1.18938	1.18839	1.18904	6652
2020-08-28 19:00	1.18904	1.18989	1.18836	1.18981	5433
2020-08-28 20:00	1.18980	1.19064	1.18971	1.19018	2014
2020-08-30 21:00	1.18998	1.19097	1.18996	1.19077	250
2020-08-30 22:00	1.19074	1.19133	1.19016	1.19084	4679
2020-08-30 23:00	1.19085	1.19202	1.19051	1.19171	3408
2020-08-31 00:00	1.19170	1.19295	1.19066	1.19078	10629
2020-08-31 01:00	1.19078	1.19087	1.18966	1.19081	30265
2020-08-31 02:00	1.19082	1.19145	1.19035	1.19142	4845
2020-08-31 03:00	1.19142	1.19172	1.19085	1.19112	4199
2020-08-31 04:00	1.19110	1.19112	1.19000	1.19010	5341
2020-08-31 05:00	1.19010	1.19061	1.19000	1.19040	4703
2020-08-31 06:00	1.19041	1.19084	1.18937	1.19063	7960
2020-08-31 07:00	1.19064	1.19119	1.18921	1.18924	43972
2020-08-31 08:00	1.18927	1.19088	1.18840	1.19080	16953
2020-08-31 09:00	1.19077	1.19176	1.19076	1.19171	14823
2020-08-31 10:00	1.19170	1.19264	1.19091	1.19191	10651
2020-08-31 11:00	1.19192	1.19400	1.19184	1.19392	12100
2020-08-31 12:00	1.19393	1.19404	1.19290	1.19340	11931
2020-08-31 13:00	1.19344	1.19486	1.19210	1.19244	18674
2020-08-31 14:00	1.19242	1.19660	1.19234	1.19605	51764
2020-08-31 15:00	1.19605	1.19606	1.19422	1.19505	688880
2020-08-31 16:00	1.19508	1.19517	1.19399	1.19441	23268
2020-08-31 17:00	1.19442	1.19501	1.19424	1.19434	6910
2020-08-31 18:00	1.19432	1.19434	1.19334	1.19346	9291
2020-08-31 19:00	1.19344	1.19372	1.19256	1.19330	10151
2020-08-31 20:00	1.19331	1.19387	1.19282	1.19361	2720
2020-08-31 21:00	1.19358	1.19399	1.19320	1.19390	780
2020-08-31 22:00	1.19391	1.19400	1.19363	1.19371	2237
2020-08-31 23:00	1.19369	1.19411	1.19357	1.19367	2763
2020-09-01 00:00	1.19368	1.19481	1.19361	1.19410	6602
2020-09-01 01:00	1.19411	1.19738	1.19411	1.19705	11582
2020-09-01 02:00	1.19706	1.19945	1.19654	1.19911	10664
2020-09-01 03:00	1.19912	1.19972	1.19853	1.19895	6051
2020-09-01 04:00	1.19894	1.19950	1.19870	1.19873	5159
2020-09-01 05:00	1.19874	1.19947	1.19834	1.19935	16635
2020-09-01 06:00	1.19935	1.19935	1.19750	1.19765	28476
2020-09-01 07:00	1.19765	1.19968	1.19647	1.19908	32340
2020-09-01 08:00	1.19905	1.19912	1.19615	1.19730	24955
2020-09-01 09:00	1.19730	1.19823	1.19635	1.19806	15860
2020-09-01 10:00	1.19806	1.19947	1.19698	1.19873	17657
2020-09-01 11:00	1.19874	1.19952	1.19791	1.19875	19260
2020-09-01 12:00	1.19874	1.19903	1.19769	1.19887	29463
2020-09-01 13:00	1.19885	1.20113	1.19640	1.19750	40711
2020-09-01 14:00	1.19752	1.19755	1.19360	1.19633	31001
2020-09-01 15:00	1.19633	1.19662	1.19449	1.19486	16514
2020-09-01 16:00	1.19486	1.19507	1.19318	1.19340	14869
2020-09-01 17:00	1.19339	1.19339	1.19055	1.19156	19616
2020-09-01 18:00	1.19156	1.19192	1.19041	1.19099	11831
2020-09-01 19:00	1.19100	1.19123	1.19013	1.19123	8877
2020-09-01 20:00	1.19126	1.19147	1.19088	1.19113	1745
2020-09-01 21:00	1.19112	1.19172	1.19108	1.19157	396
2020-09-01 22:00	1.19158	1.19213	1.19142	1.19178	2120
2020-09-01 23:00	1.19179	1.19287	1.19168	1.19226	3827
2020-09-02 00:00	1.19224	1.19239	1.19062	1.19073	7301
2020-09-02 01:00	1.19075	1.19090	1.18918	1.19015	18204
2020-09-02 02:00	1.19014	1.19079	1.18981	1.19056	4433
2020-09-02 03:00	1.19055	1.19068	1.18986	1.19029	3212
2020-09-02 04:00	1.19031	1.19092	1.19007	1.19051	3355
2020-09-02 05:00	1.19050	1.19087	1.18974	1.19075	5045
2020-09-02 06:00	1.19073	1.19134	1.18907	1.19032	21429
2020-09-02 07:00	1.19032	1.19079	1.18639	1.18740	27771
2020-09-02 08:00	1.18743	1.18758	1.18522	1.18574	15293
2020-09-02 09:00	1.18573	1.18720	1.18544	1.18711	39902
2020-09-02 10:00	1.18710	1.18775	1.18566	1.18612	47601
2020-09-02 11:00	1.18614	1.18642	1.18452	1.18561	69057
2020-09-02 12:00	1.18561	1.18764	1.18519	1.18589	61046
2020-09-02 13:00	1.18590	1.18603	1.18238	1.18349	68944
2020-09-02 14:00	1.18347	1.18471	1.18221	1.18403	72680
2020-09-02 15:00	1.18402	1.18431	1.18269	1.18393	57409
2020-09-02 16:00	1.18395	1.18494	1.18271	1.18477	45356
2020-09-02 17:00	1.18478	1.18478	1.18296	1.18335	66965
2020-09-02 18:00	1.18335	1.18340	1.18232	1.18245	40034
2020-09-02 19:00	1.18245	1.18470	1.18238	1.18465	33920
2020-09-02 20:00	1.18462	1.18576	1.18430	1.18547	11688
2020-09-02 21:00	1.18506	1.18553	1.18506	1.18548	2061
2020-09-02 22:00	1.18548	1.18549	1.18506	1.18535	3350
2020-09-02 23:00	1.18536	1.18546	1.18455	1.18457	13017
2020-09-03 00:00	1.18458	1.18467	1.18298	1.18311	25088
2020-09-03 01:00	1.18311	1.18363	1.18243	1.18306	29029
2020-09-03 02:00	1.18309	1.18358	1.18217	1.18272	29901
2020-09-03 03:00	1.18270	1.18277	1.18201	1.18208	18253
2020-09-03 04:00	1.18208	1.18253	1.18045	1.18101	22605
2020-09-03 05:00	1.18102	1.18122	1.17965	1.18020	28600
2020-09-03 06:00	1.18020	1.18078	1.17893	1.17980	46528
2020-09-03 07:00	1.17979	1.18205	1.17889	1.18175	58347
2020-09-03 08:00	1.18175	1.18361	1.18151	1.18325	41498
2020-09-03 09:00	1.18323	1.18359	1.18193	1.18230	43462
2020-09-03 10:00	1.18230	1.18288	1.18112	1.18123	38015
2020-09-03 11:00	1.18122	1.18136	1.18016	1.18133	36681
2020-09-03 12:00	1.18133	1.18412	1.18067	1.18323	48797
2020-09-03 13:00	1.18323	1.18489	1.18272	1.18438	44990
2020-09-03 14:00	1.18439	1.18487	1.18242	1.18374	78305
2020-09-03 15:00	1.18373	1.18400	1.18109	1.18298	103783
2020-09-03 16:00	1.18296	1.18441	1.18258	1.18332	53138
2020-09-03 17:00	1.18333	1.18476	1.18319	1.18474	45242
2020-09-03 18:00	1.18473	1.18594	1.18465	1.18566	30205
2020-09-03 19:00	1.18566	1.18646	1.18475	1.18563	40404
2020-09-03 20:00	1.18562	1.18590	1.18505	1.18512	6997
2020-09-03 21:00	1.18513	1.18513	1.18475	1.18500	747
2020-09-03 22:00	1.18499	1.18511	1.18442	1.18461	9311
2020-09-03 23:00	1.18462	1.18506	1.18388	1.18412	12569
2020-09-04 00:00	1.18413	1.18578	1.18413	1.18526	30119
2020-09-04 01:00	1.18527	1.18580	1.18459	1.18523	28489
2020-09-04 02:00	1.18523	1.18570	1.18408	1.18411	31477
2020-09-04 03:00	1.18411	1.18499	1.18406	1.18477	19756
2020-09-04 04:00	1.18477	1.18533	1.18447	1.18516	17688
2020-09-04 05:00	1.18515	1.18523	1.18442	1.18518	20800
2020-09-04 06:00	1.18515	1.18528	1.18347	1.18366	42357
2020-09-04 07:00	1.18366	1.18540	1.18333	1.18400	53547
2020-09-04 08:00	1.18399	1.18654	1.18387	1.18591	39399
2020-09-04 09:00	1.18592	1.18628	1.18445	1.18526	42048
2020-09-04 10:00	1.18525	1.18590	1.18422	1.18471	35604
2020-09-04 11:00	1.18471	1.18549	1.18397	1.18431	46054
2020-09-04 12:00	1.18432	1.18547	1.18018	1.18114	91458
2020-09-04 13:00	1.18112	1.18141	1.17903	1.17988	73874
2020-09-04 14:00	1.17987	1.18066	1.17860	1.17972	118728
2020-09-04 15:00	1.17971	1.18213	1.17809	1.18200	68394
2020-09-04 16:00	1.18200	1.18363	1.18160	1.18350	41494
2020-09-04 17:00	1.18349	1.18476	1.18321	1.18440	49438
2020-09-04 18:00	1.18439	1.18548	1.18401	1.18513	38545
2020-09-04 19:00	1.18516	1.18528	1.18422	1.18428	39052
2020-09-04 20:00	1.18427	1.18436	1.18365	1.18371	24123
2020-09-06 21:00	1.18432	1.18469	1.18319	1.18394	1623
2020-09-06 22:00	1.18393	1.18429	1.18360	1.18404	4557
2020-09-06 23:00	1.18404	1.18435	1.18334	1.18342	9370
2020-09-07 00:00	1.18342	1.18427	1.18330	1.18360	20230
2020-09-07 01:00	1.18359	1.18410	1.18349	1.18362	26408
2020-09-07 02:00	1.18363	1.18369	1.18298	1.18348	18359
2020-09-07 03:00	1.18348	1.18384	1.18316	1.18364	13308
2020-09-07 04:00	1.18366	1.18372	1.18321	1.18340	10574
2020-09-07 05:00	1.18340	1.18360	1.18268	1.18297	19656
2020-09-07 06:00	1.18297	1.18330	1.18244	1.18282	40068
2020-09-07 07:00	1.18282	1.18457	1.18244	1.18378	57392
2020-09-07 08:00	1.18379	1.18486	1.18319	1.18324	37842
2020-09-07 09:00	1.18325	1.18372	1.18249	1.18284	34887
2020-09-07 10:00	1.18285	1.18294	1.18126	1.18190	37822
2020-09-07 11:00	1.18191	1.18275	1.18158	1.18205	23601
2020-09-07 12:00	1.18206	1.18255	1.18186	1.18223	19888
2020-09-07 13:00	1.18224	1.18254	1.18150	1.18200	24496
2020-09-07 14:00	1.18200	1.18324	1.18175	1.18260	31008
2020-09-07 15:00	1.18261	1.18284	1.18150	1.18185	10497
2020-09-07 16:00	1.18185	1.18192	1.18148	1.18160	11451
2020-09-07 17:00	1.18160	1.18195	1.18149	1.18157	10907
2020-09-07 18:00	1.18157	1.18161	1.18124	1.18132	2596
2020-09-07 19:00	1.18129	1.18156	1.18120	1.18137	4642
2020-09-07 20:00	1.18140	1.18143	1.18117	1.18133	1932
2020-09-07 21:00	1.18133	1.18170	1.18116	1.18144	675
2020-09-07 22:00	1.18144	1.18202	1.18144	1.18160	6924
2020-09-07 23:00	1.18158	1.18198	1.18155	1.18188	6279
2020-09-08 00:00	1.18187	1.18215	1.18050	1.18069	14690
2020-09-08 01:00	1.18068	1.18089	1.17950	1.17969	28062
2020-09-08 02:00	1.17969	1.18076	1.17964	1.18050	11550
2020-09-08 03:00	1.18050	1.18112	1.18044	1.18082	12979
2020-09-08 04:00	1.18082	1.18112	1.18064	1.18111	8422
2020-09-08 05:00	1.18112	1.18121	1.17977	1.18109	21409
2020-09-08 06:00	1.18111	1.18273	1.18090	1.18165	45717
2020-09-08 07:00	1.18164	1.18213	1.18030	1.18169	58598
2020-09-08 08:00	1.18168	1.18206	1.18049	1.18082	44958
2020-09-08 09:00	1.18085	1.18151	1.17907	1.17934	58958
2020-09-08 10:00	1.17934	1.18062	1.17777	1.18005	72758
2020-09-08 11:00	1.18006	1.18053	1.17879	1.17947	50354
2020-09-08 12:00	1.17947	1.18062	1.17813	1.18005	58399
2020-09-08 13:00	1.18005	1.18022	1.17654	1.17772	72984
2020-09-08 14:00	1.17773	1.18006	1.17727	1.17933	111100
2020-09-08 15:00	1.17933	1.18017	1.17804	1.17878	56721
2020-09-08 16:00	1.17879	1.18060	1.17875	1.17959	46814
2020-09-08 17:00	1.17958	1.17985	1.17879	1.17930	32405
2020-09-08 18:00	1.17930	1.17931	1.17774	1.17817	33509
2020-09-08 19:00	1.17817	1.17855	1.17742	1.17788	43053
2020-09-08 20:00	1.17788	1.17825	1.17730	1.17737	7389
2020-09-08 21:00	1.17749	1.17790	1.17708	1.17738	1138
2020-09-08 22:00	1.17737	1.17753	1.17570	1.17667	6218
2020-09-08 23:00	1.17670	1.17689	1.17589	1.17667	10272
2020-09-09 00:00	1.17667	1.17764	1.17657	1.17756	24564
2020-09-09 01:00	1.17754	1.17797	1.17671	1.17761	26561
2020-09-09 02:00	1.17762	1.17785	1.17726	1.17746	17509
2020-09-09 03:00	1.17748	1.17811	1.17738	1.17802	19715
2020-09-09 04:00	1.17801	1.17827	1.17765	1.17785	12455
2020-09-09 05:00	1.17783	1.17824	1.17777	1.17801	16215
2020-09-09 06:00	1.17801	1.17808	1.17608	1.17663	43007
2020-09-09 07:00	1.17666	1.17791	1.17629	1.17746	51592
2020-09-09 08:00	1.17745	1.17873	1.17631	1.17633	48217
2020-09-09 09:00	1.17632	1.17755	1.17581	1.17670	55298
2020-09-09 10:00	1.17668	1.17671	1.17536	1.17551	54046
2020-09-09 11:00	1.17550	1.17695	1.17527	1.17671	72458
2020-09-09 12:00	1.17673	1.18196	1.17650	1.17984	81024
2020-09-09 13:00	1.17984	1.18248	1.17918	1.18158	84162
2020-09-09 14:00	1.18160	1.18339	1.18060	1.18074	61338
2020-09-09 15:00	1.18074	1.18218	1.18050	1.18093	34008
2020-09-09 16:00	1.18093	1.18121	1.18019	1.18033	26956
2020-09-09 17:00	1.18033	1.18096	1.17988	1.18036	42013
2020-09-09 18:00	1.18036	1.18088	1.17990	1.18080	24739
2020-09-09 19:00	1.18081	1.18109	1.18037	1.18037	23800
2020-09-09 20:00	1.18037	1.18083	1.18025	1.18025	9863
2020-09-09 21:00	1.18026	1.18045	1.18011	1.18033	312
2020-09-09 22:00	1.18034	1.18092	1.18028	1.18087	7530
2020-09-09 23:00	1.18090	1.18101	1.18030	1.18037	5507
2020-09-10 00:00	1.18035	1.18146	1.18004	1.18103	16598
2020-09-10 01:00	1.18102	1.18208	1.18069	1.18205	18246
2020-09-10 02:00	1.18206	1.18240	1.18150	1.18221	55724
2020-09-10 03:00	1.18221	1.18244	1.18206	1.18219	12851
2020-09-10 04:00	1.18218	1.18225	1.18189	1.18192	11822
2020-09-10 05:00	1.18192	1.18289	1.18187	1.18270	17849
2020-09-10 06:00	1.18269	1.18368	1.18250	1.18262	31195
2020-09-10 07:00	1.18262	1.18291	1.18159	1.18189	51110
2020-09-10 08:00	1.18187	1.18400	1.18172	1.18341	38386
2020-09-10 09:00	1.18341	1.18403	1.18289	1.18385	44144
2020-09-10 10:00	1.18385	1.18444	1.18310	1.18376	34306
2020-09-10 11:00	1.18377	1.18504	1.18311	1.18463	28812
2020-09-10 12:00	1.18465	1.19025	1.18396	1.18877	84327
2020-09-10 13:00	1.18876	1.19175	1.18837	1.18984	57624
2020-09-10 14:00	1.18984	1.19086	1.18674	1.18733	74369
2020-09-10 15:00	1.18734	1.18874	1.18650	1.18791	80820
2020-09-10 16:00	1.18791	1.18850	1.18479	1.18573	130445
2020-09-10 17:00	1.18574	1.18642	1.18535	1.18546	74989
2020-09-10 18:00	1.18547	1.18576	1.18179	1.18248	88335
2020-09-10 19:00	1.18250	1.18267	1.18100	1.18174	105061
2020-09-10 20:00	1.18174	1.18195	1.18100	1.18146	9524
2020-09-10 21:00	1.18145	1.18217	1.18130	1.18212	1595
2020-09-10 22:00	1.18211	1.18286	1.18190	1.18269	7111
2020-09-10 23:00	1.18270	1.18287	1.18221	1.18234	8102
2020-09-11 00:00	1.18237	1.18368	1.18237	1.18348	24048
2020-09-11 01:00	1.18348	1.18401	1.18311	1.18332	27738
2020-09-11 02:00	1.18332	1.18382	1.18312	1.18333	18286
2020-09-11 03:00	1.18333	1.18361	1.18301	1.18338	17229
2020-09-11 04:00	1.18337	1.18373	1.18317	1.18353	13741
2020-09-11 05:00	1.18352	1.18415	1.18321	1.18374	18418
2020-09-11 06:00	1.18374	1.18398	1.18284	1.18359	37642
2020-09-11 07:00	1.18359	1.18492	1.18310	1.18343	47224
2020-09-11 08:00	1.18343	1.18598	1.18335	1.18566	42732
2020-09-11 09:00	1.18566	1.18741	1.18545	1.18729	42649
2020-09-11 10:00	1.18726	1.18736	1.18548	1.18590	36021
2020-09-11 11:00	1.18591	1.18649	1.18478	1.18503	28937
2020-09-11 12:00	1.18505	1.18567	1.18347	1.18463	63400
2020-09-11 13:00	1.18464	1.18574	1.18397	1.18400	93203
2020-09-11 14:00	1.18402	1.18506	1.18277	1.18288	68640
2020-09-11 15:00	1.18288	1.18392	1.18285	1.18310	68717
2020-09-11 16:00	1.18309	1.18410	1.18292	1.18372	60190
2020-09-11 17:00	1.18373	1.18384	1.18265	1.18276	74204
2020-09-11 18:00	1.18277	1.18383	1.18262	1.18305	46410
2020-09-11 19:00	1.18306	1.18453	1.18271	1.18415	46817
2020-09-11 20:00	1.18415	1.18480	1.18386	1.18453	28819
2020-09-13 21:00	1.18348	1.18385	1.18347	1.18369	364
2020-09-13 22:00	1.18391	1.18473	1.18366	1.18453	5863
2020-09-13 23:00	1.18454	1.18464	1.18384	1.18404	14385
2020-09-14 00:00	1.18404	1.18432	1.18319	1.18343	25185
2020-09-14 01:00	1.18345	1.18447	1.18337	1.18434	24154
2020-09-14 02:00	1.18434	1.18505	1.18424	1.18492	29299
2020-09-14 03:00	1.18490	1.18511	1.18459	1.18473	18134
2020-09-14 04:00	1.18473	1.18501	1.18452	1.18472	19264
2020-09-14 05:00	1.18474	1.18545	1.18450	1.18541	26330
2020-09-14 06:00	1.18541	1.18541	1.18426	1.18437	54223
2020-09-14 07:00	1.18438	1.18643	1.18437	1.18636	73996
2020-09-14 08:00	1.18637	1.18686	1.18563	1.18564	67068
2020-09-14 09:00	1.18563	1.18661	1.18493	1.18546	62323
2020-09-14 10:00	1.18547	1.18759	1.18537	1.18729	65734
2020-09-14 11:00	1.18730	1.18787	1.18636	1.18665	52285
2020-09-14 12:00	1.18665	1.18841	1.18644	1.18776	62002
2020-09-14 13:00	1.18777	1.18880	1.18742	1.18786	74165
2020-09-14 14:00	1.18788	1.18863	1.18688	1.18712	60540
2020-09-14 15:00	1.18712	1.18843	1.18698	1.18732	37141
2020-09-14 16:00	1.18731	1.18750	1.18645	1.18667	25238
2020-09-14 17:00	1.18667	1.18678	1.18596	1.18619	31312
2020-09-14 18:00	1.18618	1.18662	1.18593	1.18646	34052
2020-09-14 19:00	1.18646	1.18702	1.18621	1.18622	35069
2020-09-14 20:00	1.18623	1.18655	1.18607	1.18643	10516
2020-09-14 21:00	1.18648	1.18665	1.18626	1.18649	609
2020-09-14 22:00	1.18648	1.18686	1.18641	1.18676	7310
2020-09-14 23:00	1.18678	1.18682	1.18649	1.18671	4849
2020-09-15 00:00	1.18670	1.18701	1.18587	1.18685	26812
2020-09-15 01:00	1.18685	1.18761	1.18639	1.18737	33219
2020-09-15 02:00	1.18736	1.18820	1.18735	1.18802	25630
2020-09-15 03:00	1.18804	1.18906	1.18803	1.18887	30509
2020-09-15 04:00	1.18888	1.18946	1.18874	1.18936	21325
2020-09-15 05:00	1.18937	1.18992	1.18926	1.18963	24623
2020-09-15 06:00	1.18963	1.18998	1.18840	1.18879	40982
2020-09-15 07:00	1.18880	1.18946	1.18759	1.18811	57356
2020-09-15 08:00	1.18810	1.18873	1.18781	1.18815	55514
2020-09-15 09:00	1.18813	1.18895	1.18807	1.18812	45636
2020-09-15 10:00	1.18811	1.18992	1.18800	1.18991	44988
2020-09-15 11:00	1.18990	1.19005	1.18865	1.18912	56461
2020-09-15 12:00	1.18913	1.18960	1.18684	1.18748	54382
2020-09-15 13:00	1.18748	1.18815	1.18560	1.18638	65580
2020-09-15 14:00	1.18637	1.18637	1.18395	1.18507	93448
2020-09-15 15:00	1.18507	1.18529	1.18446	1.18451	49757
2020-09-15 16:00	1.18451	1.18536	1.18451	1.18527	40578
2020-09-15 17:00	1.18526	1.18548	1.18461	1.18464	34869
2020-09-15 18:00	1.18466	1.18539	1.18449	1.18539	26699
2020-09-15 19:00	1.18542	1.18542	1.18450	1.18464	33173
2020-09-15 20:00	1.18462	1.18496	1.18447	1.18462	15242
2020-09-15 21:00	1.18465	1.18534	1.18465	1.18479	223
2020-09-15 22:00	1.18482	1.18504	1.18475	1.18478	4332
2020-09-15 23:00	1.18478	1.18489	1.18407	1.18419	11793
2020-09-16 00:00	1.18420	1.18456	1.18289	1.18342	37679
2020-09-16 01:00	1.18342	1.18445	1.18286	1.18441	33527
2020-09-16 02:00	1.18443	1.18488	1.18424	1.18453	27431
2020-09-16 03:00	1.18455	1.18488	1.18453	1.18467	29661
2020-09-16 04:00	1.18467	1.18489	1.18446	1.18477	19108
2020-09-16 05:00	1.18477	1.18513	1.18414	1.18461	24383
2020-09-16 06:00	1.18462	1.18547	1.18410	1.18496	36310
2020-09-16 07:00	1.18497	1.18620	1.18465	1.18611	51739
2020-09-16 08:00	1.18613	1.18726	1.18594	1.18656	44787
2020-09-16 09:00	1.18656	1.18825	1.18652	1.18766	45589
2020-09-16 10:00	1.18769	1.18800	1.18617	1.18689	50165
2020-09-16 11:00	1.18691	1.18714	1.18619	1.18674	39542
2020-09-16 12:00	1.18676	1.18765	1.18458	1.18578	54858
2020-09-16 13:00	1.18579	1.18688	1.18421	1.18451	66092
2020-09-16 14:00	1.18449	1.18495	1.18091	1.18303	107100
2020-09-16 15:00	1.18303	1.18471	1.18273	1.18345	66884
2020-09-16 16:00	1.18346	1.18391	1.18310	1.18330	35329
2020-09-16 17:00	1.18329	1.18368	1.18212	1.18278	45739
2020-09-16 18:00	1.18274	1.18550	1.17876	1.17996	89760
2020-09-16 19:00	1.17997	1.18154	1.17900	1.17994	60582
2020-09-16 20:00	1.17993	1.18176	1.17986	1.18155	16717
2020-09-16 21:00	1.18156	1.18176	1.18100	1.18152	706
2020-09-16 22:00	1.18153	1.18192	1.18128	1.18158	4166
2020-09-16 23:00	1.18157	1.18165	1.18024	1.18045	10255
2020-09-17 00:00	1.18043	1.18043	1.17686	1.17771	43205
2020-09-17 01:00	1.17771	1.17906	1.17599	1.17620	59588
2020-09-17 02:00	1.17619	1.17698	1.17599	1.17677	50951
2020-09-17 03:00	1.17677	1.17677	1.17373	1.17533	52458
2020-09-17 04:00	1.17533	1.17597	1.17495	1.17587	33279
2020-09-17 05:00	1.17587	1.17712	1.17566	1.17693	47118
2020-09-17 06:00	1.17693	1.17789	1.17555	1.17743	88503
2020-09-17 07:00	1.17744	1.17949	1.17704	1.17939	101599
2020-09-17 08:00	1.17940	1.18121	1.17910	1.18035	66358
2020-09-17 09:00	1.18034	1.18080	1.17830	1.17992	78326
2020-09-17 10:00	1.17992	1.18048	1.17885	1.17982	75518
2020-09-17 11:00	1.17981	1.18079	1.17891	1.18054	79627
2020-09-17 12:00	1.18054	1.18127	1.17912	1.18081	71685
2020-09-17 13:00	1.18081	1.18168	1.17937	1.18088	104366
2020-09-17 14:00	1.18088	1.18177	1.18014	1.18077	132771
2020-09-17 15:00	1.18077	1.18277	1.18065	1.18228	76054
2020-09-17 16:00	1.18227	1.18265	1.18187	1.18221	55126
2020-09-17 17:00	1.18221	1.18339	1.18212	1.18317	45938
2020-09-17 18:00	1.18318	1.18443	1.18305	1.18387	57266
2020-09-17 19:00	1.18387	1.18513	1.18345	1.18505	43849
2020-09-17 20:00	1.18504	1.18524	1.18443	1.18477	18226
2020-09-17 21:00	1.18476	1.18493	1.18432	1.18445	1189
2020-09-17 22:00	1.18448	1.18544	1.18446	1.18522	5002
2020-09-17 23:00	1.18522	1.18561	1.18461	1.18468	13771
2020-09-18 00:00	1.18468	1.18618	1.18468	1.18539	40157
2020-09-18 01:00	1.18539	1.18614	1.18457	1.18487	54829
2020-09-18 02:00	1.18489	1.18498	1.18430	1.18460	47805
2020-09-18 03:00	1.18459	1.18523	1.18453	1.18503	32103
2020-09-18 04:00	1.18504	1.18519	1.18464	1.18485	31222
2020-09-18 05:00	1.18486	1.18554	1.18462	1.18554	35800
2020-09-18 06:00	1.18554	1.18663	1.18473	1.18652	53375
2020-09-18 07:00	1.18653	1.18690	1.18479	1.18486	55797
2020-09-18 08:00	1.18488	1.18614	1.18401	1.18591	54223
2020-09-18 09:00	1.18591	1.18639	1.18516	1.18538	52735
2020-09-18 10:00	1.18538	1.18538	1.18369	1.18411	62880
2020-09-18 11:00	1.18409	1.18449	1.18304	1.18418	47564
2020-09-18 12:00	1.18419	1.18458	1.18304	1.18441	59704
2020-09-18 13:00	1.18442	1.18516	1.18312	1.18319	83983
2020-09-18 14:00	1.18318	1.18705	1.18260	1.18600	83509
2020-09-18 15:00	1.18602	1.18663	1.18550	1.18560	79178
2020-09-18 16:00	1.18559	1.18656	1.18508	1.18656	52544
2020-09-18 17:00	1.18655	1.18675	1.18510	1.18573	46083
2020-09-18 18:00	1.18574	1.18605	1.18508	1.18533	41713
2020-09-18 19:00	1.18532	1.18538	1.18453	1.18496	32673
2020-09-18 20:00	1.18495	1.18514	1.18365	1.18385	30754
2020-09-20 21:00	1.18369	1.18489	1.18369	1.18415	1177
2020-09-20 22:00	1.18414	1.18484	1.18400	1.18484	8595
2020-09-20 23:00	1.18484	1.18498	1.18444	1.18456	19318
2020-09-21 00:00	1.18455	1.18606	1.18428	1.18593	22369
2020-09-21 01:00	1.18592	1.18616	1.18545	1.18560	34886
2020-09-21 02:00	1.18561	1.18623	1.18559	1.18585	37290
2020-09-21 03:00	1.18587	1.18673	1.18566	1.18672	27595
2020-09-21 04:00	1.18671	1.18717	1.18658	1.18664	19414
2020-09-21 05:00	1.18666	1.18700	1.18614	1.18630	23712
2020-09-21 06:00	1.18630	1.18647	1.18547	1.18581	52553
2020-09-21 07:00	1.18581	1.18682	1.18311	1.18334	87335
2020-09-21 08:00	1.18334	1.18334	1.17912	1.18012	98759
2020-09-21 09:00	1.18011	1.18011	1.17802	1.17844	84783
2020-09-21 10:00	1.17845	1.17924	1.17753	1.17870	80112
2020-09-21 11:00	1.17870	1.17972	1.17799	1.17953	74898
2020-09-21 12:00	1.17953	1.17958	1.17631	1.17698	84706
2020-09-21 13:00	1.17698	1.17799	1.17499	1.17500	114799
2020-09-21 14:00	1.17499	1.17599	1.17317	1.17407	118437
2020-09-21 15:00	1.17408	1.17510	1.17317	1.17377	88696
2020-09-21 16:00	1.17377	1.17425	1.17335	1.17406	60776
2020-09-21 17:00	1.17405	1.17572	1.17362	1.17533	64570
2020-09-21 18:00	1.17533	1.17578	1.17496	1.17540	46695
2020-09-21 19:00	1.17540	1.17748	1.17535	1.17642	63407
2020-09-21 20:00	1.17640	1.17732	1.17624	1.17707	12016
2020-09-21 21:00	1.17707	1.17735	1.17660	1.17678	819
2020-09-21 22:00	1.17667	1.17725	1.17637	1.17646	7964
2020-09-21 23:00	1.17645	1.17668	1.17626	1.17626	6413
2020-09-22 00:00	1.17627	1.17708	1.17558	1.17680	39532
2020-09-22 01:00	1.17681	1.17701	1.17527	1.17653	31392
2020-09-22 02:00	1.17652	1.17674	1.17597	1.17633	18610
2020-09-22 03:00	1.17632	1.17715	1.17615	1.17678	20743
2020-09-22 04:00	1.17679	1.17687	1.17638	1.17686	16326
2020-09-22 05:00	1.17688	1.17690	1.17522	1.17522	25708
2020-09-22 06:00	1.17525	1.17583	1.17338	1.17470	63121
2020-09-22 07:00	1.17470	1.17511	1.17201	1.17235	82867
2020-09-22 08:00	1.17235	1.17495	1.17233	1.17445	70821
2020-09-22 09:00	1.17445	1.17464	1.17332	1.17371	42671
2020-09-22 10:00	1.17370	1.17672	1.17368	1.17614	57918
2020-09-22 11:00	1.17613	1.17616	1.17455	1.17521	44811
2020-09-22 12:00	1.17523	1.17559	1.17345	1.17505	62069
2020-09-22 13:00	1.17506	1.17607	1.17264	1.17286	77265
2020-09-22 14:00	1.17286	1.17374	1.17030	1.17036	87041
2020-09-22 15:00	1.17038	1.17170	1.16916	1.17025	84162
2020-09-22 16:00	1.17024	1.17166	1.16995	1.17040	47265
2020-09-22 17:00	1.17039	1.17165	1.17024	1.17102	47754
2020-09-22 18:00	1.17102	1.17161	1.17047	1.17049	45395
2020-09-22 19:00	1.17048	1.17117	1.17031	1.17110	38349
2020-09-22 20:00	1.17109	1.17133	1.17047	1.17077	6177
2020-09-22 21:00	1.17074	1.17093	1.17056	1.17070	425
2020-09-22 22:00	1.17070	1.17083	1.17043	1.17068	6162
2020-09-22 23:00	1.17070	1.17105	1.17043	1.17059	10634
2020-09-23 00:00	1.17060	1.17090	1.16779	1.16803	40078
2020-09-23 01:00	1.16805	1.16906	1.16752	1.16880	49219
2020-09-23 02:00	1.16881	1.16922	1.16761	1.16808	41143
2020-09-23 03:00	1.16810	1.16866	1.16763	1.16816	29619
2020-09-23 04:00	1.16817	1.16817	1.16746	1.16783	27639
2020-09-23 05:00	1.16784	1.16900	1.16784	1.16880	29807
2020-09-23 06:00	1.16878	1.16941	1.16721	1.16914	52354
2020-09-23 07:00	1.16912	1.17001	1.16747	1.16941	68976
2020-09-23 08:00	1.16943	1.17049	1.16819	1.17041	57656
2020-09-23 09:00	1.17042	1.17188	1.17011	1.17143	49676
2020-09-23 10:00	1.17142	1.17173	1.17060	1.17081	37207
2020-09-23 11:00	1.17083	1.17115	1.16894	1.16895	45386
2020-09-23 12:00	1.16897	1.16963	1.16853	1.16914	67130
2020-09-23 13:00	1.16916	1.17045	1.16791	1.16835	74651
2020-09-23 14:00	1.16834	1.16836	1.16641	1.16744	79773
2020-09-23 15:00	1.16743	1.16883	1.16676	1.16779	72977
2020-09-23 16:00	1.16777	1.16899	1.16725	1.16812	54655
2020-09-23 17:00	1.16811	1.16850	1.16760	1.16808	47151
2020-09-23 18:00	1.16807	1.16817	1.16568	1.16573	63134
2020-09-23 19:00	1.16574	1.16641	1.16513	1.16631	63375
2020-09-23 20:00	1.16630	1.16633	1.16548	1.16595	12933
2020-09-23 21:00	1.16590	1.16652	1.16576	1.16589	1810
2020-09-23 22:00	1.16594	1.16647	1.16576	1.16620	5950
2020-09-23 23:00	1.16620	1.16625	1.16519	1.16568	17211
2020-09-24 00:00	1.16567	1.16731	1.16565	1.16730	38033
2020-09-24 01:00	1.16729	1.16797	1.16611	1.16615	40464
2020-09-24 02:00	1.16615	1.16655	1.16579	1.16616	37031
2020-09-24 03:00	1.16615	1.16653	1.16558	1.16560	24491
2020-09-24 04:00	1.16559	1.16583	1.16524	1.16527	19857
2020-09-24 05:00	1.16527	1.16599	1.16443	1.16586	30924
2020-09-24 06:00	1.16585	1.16617	1.16479	1.16527	46203
2020-09-24 07:00	1.16525	1.16736	1.16498	1.16670	56023
2020-09-24 08:00	1.16669	1.16682	1.16498	1.16568	46640
2020-09-24 09:00	1.16569	1.16597	1.16330	1.16416	43213
2020-09-24 10:00	1.16416	1.16506	1.16385	1.16431	45108
2020-09-24 11:00	1.16431	1.16543	1.16359	1.16386	51041
2020-09-24 12:00	1.16386	1.16496	1.16265	1.16394	58101
2020-09-24 13:00	1.16393	1.16523	1.16308	1.16394	96071
2020-09-24 14:00	1.16393	1.16568	1.16351	1.16396	95762
2020-09-24 15:00	1.16398	1.16665	1.16359	1.16651	74485
2020-09-24 16:00	1.16651	1.16692	1.16585	1.16623	60671
2020-09-24 17:00	1.16623	1.16869	1.16612	1.16796	63694
2020-09-24 18:00	1.16795	1.16815	1.16656	1.16663	53992
2020-09-24 19:00	1.16663	1.16745	1.16636	1.16688	70029
2020-09-24 20:00	1.16688	1.16744	1.16657	1.16708	8686
2020-09-24 21:00	1.16706	1.16766	1.16672	1.16690	427
2020-09-24 22:00	1.16687	1.16744	1.16687	1.16723	8304
2020-09-24 23:00	1.16724	1.16771	1.16699	1.16735	11511
2020-09-25 00:00	1.16735	1.16747	1.16642	1.16678	23819
2020-09-25 01:00	1.16677	1.16743	1.16626	1.16674	31895
2020-09-25 02:00	1.16674	1.16721	1.16643	1.16667	22562
2020-09-25 03:00	1.16667	1.16694	1.16628	1.16649	25632
2020-09-25 04:00	1.16648	1.16684	1.16619	1.16677	24356
2020-09-25 05:00	1.16677	1.16718	1.16654	1.16682	21268
2020-09-25 06:00	1.16682	1.16791	1.16643	1.16763	39539
2020-09-25 07:00	1.16761	1.16850	1.16639	1.16768	78543
2020-09-25 08:00	1.16768	1.16791	1.16514	1.16558	50457
2020-09-25 09:00	1.16556	1.16558	1.16384	1.16438	53443
2020-09-25 10:00	1.16435	1.16526	1.16392	1.16438	46556
2020-09-25 11:00	1.16439	1.16450	1.16275	1.16310	65993
2020-09-25 12:00	1.16311	1.16440	1.16286	1.16367	43375
2020-09-25 13:00	1.16368	1.16394	1.16257	1.16342	62056
2020-09-25 14:00	1.16342	1.16354	1.16145	1.16186	89120
2020-09-25 15:00	1.16188	1.16234	1.16121	1.16174	78281
2020-09-25 16:00	1.16175	1.16262	1.16149	1.16192	65237
2020-09-25 17:00	1.16192	1.16277	1.16154	1.16261	45454
2020-09-25 18:00	1.16259	1.16295	1.16216	1.16221	40952
2020-09-25 19:00	1.16221	1.16352	1.16220	1.16260	38491
2020-09-25 20:00	1.16259	1.16327	1.16242	1.16277	26102
2020-09-27 21:00	1.16271	1.16276	1.16206	1.16265	846
2020-09-27 22:00	1.16265	1.16377	1.16264	1.16326	3531
2020-09-27 23:00	1.16326	1.16360	1.16302	1.16341	9990
2020-09-28 00:00	1.16341	1.16353	1.16150	1.16162	29012
2020-09-28 01:00	1.16162	1.16313	1.16162	1.16299	37097
2020-09-28 02:00	1.16298	1.16376	1.16284	1.16346	33326
2020-09-28 03:00	1.16345	1.16377	1.16334	1.16355	20960
2020-09-28 04:00	1.16356	1.16404	1.16313	1.16313	27416
2020-09-28 05:00	1.16314	1.16370	1.16259	1.16289	23280
2020-09-28 06:00	1.16288	1.16369	1.16251	1.16267	42111
2020-09-28 07:00	1.16265	1.16346	1.16225	1.16293	57183
2020-09-28 08:00	1.16292	1.16456	1.16255	1.16409	71910
2020-09-28 09:00	1.16408	1.16495	1.16375	1.16459	61427
2020-09-28 10:00	1.16460	1.16656	1.16441	1.16597	64132
2020-09-28 11:00	1.16597	1.16765	1.16540	1.16750	52538
2020-09-28 12:00	1.16750	1.16778	1.16626	1.16630	62614
2020-09-28 13:00	1.16632	1.16799	1.16622	1.16701	72156
2020-09-28 14:00	1.16701	1.16724	1.16426	1.16432	87920
2020-09-28 15:00	1.16434	1.16612	1.16423	1.16601	64427
2020-09-28 16:00	1.16601	1.16603	1.16514	1.16558	45999
2020-09-28 17:00	1.16558	1.16662	1.16537	1.16641	38446
2020-09-28 18:00	1.16641	1.16687	1.16613	1.16637	43244
2020-09-28 19:00	1.16638	1.16701	1.16610	1.16698	54491
2020-09-28 20:00	1.16696	1.16713	1.16608	1.16650	18677
2020-09-28 21:00	1.16650	1.16665	1.16614	1.16638	356
2020-09-28 22:00	1.16641	1.16691	1.16626	1.16689	6088
2020-09-28 23:00	1.16690	1.16793	1.16673	1.16768	14311
2020-09-29 00:00	1.16768	1.16837	1.16750	1.16767	33702
2020-09-29 01:00	1.16766	1.16788	1.16668	1.16683	33400
2020-09-29 02:00	1.16684	1.16747	1.16675	1.16706	28185
2020-09-29 03:00	1.16706	1.16766	1.16705	1.16746	23200
2020-09-29 04:00	1.16747	1.16762	1.16713	1.16760	18461
2020-09-29 05:00	1.16761	1.16790	1.16690	1.16713	27290
2020-09-29 06:00	1.16712	1.16823	1.16652	1.16800	48989
2020-09-29 07:00	1.16799	1.16840	1.16667	1.16811	69893
2020-09-29 08:00	1.16811	1.16863	1.16656	1.16832	73884
2020-09-29 09:00	1.16831	1.16976	1.16810	1.16930	73171
2020-09-29 10:00	1.16930	1.16984	1.16816	1.16982	59352
2020-09-29 11:00	1.16983	1.17144	1.16956	1.17078	66885
2020-09-29 12:00	1.17079	1.17102	1.16931	1.17030	59141
2020-09-29 13:00	1.17031	1.17274	1.16949	1.17242	53972
2020-09-29 14:00	1.17242	1.17437	1.17219	1.17310	63527
2020-09-29 15:00	1.17309	1.17420	1.17160	1.17162	45906
2020-09-29 16:00	1.17163	1.17421	1.17096	1.17375	57872
2020-09-29 17:00	1.17375	1.17427	1.17318	1.17412	39440
2020-09-29 18:00	1.17412	1.17455	1.17365	1.17367	32136
2020-09-29 19:00	1.17365	1.17443	1.17356	1.17397	37098
2020-09-29 20:00	1.17398	1.17446	1.17361	1.17426	14401
2020-09-29 21:00	1.17430	1.17438	1.17383	1.17400	458
2020-09-29 22:00	1.17402	1.17447	1.17395	1.17442	5409
2020-09-29 23:00	1.17445	1.17457	1.17407	1.17414	12398
2020-09-30 00:00	1.17414	1.17484	1.17360	1.17379	32078
2020-09-30 01:00	1.17378	1.17499	1.17362	1.17453	39846
2020-09-30 02:00	1.17454	1.17548	1.17412	1.17459	31828
2020-09-30 03:00	1.17457	1.17462	1.17277	1.17291	40559
2020-09-30 04:00	1.17290	1.17369	1.17286	1.17343	28132
2020-09-30 05:00	1.17342	1.17380	1.17288	1.17320	32748
2020-09-30 06:00	1.17319	1.17360	1.17227	1.17341	65116
2020-09-30 07:00	1.17342	1.17428	1.17203	1.17327	74439
2020-09-30 08:00	1.17330	1.17375	1.17061	1.17097	65269
2020-09-30 09:00	1.17096	1.17109	1.16938	1.17085	64233
2020-09-30 10:00	1.17086	1.17189	1.16956	1.17103	71523
2020-09-30 11:00	1.17101	1.17137	1.17050	1.17071	62377
2020-09-30 12:00	1.17070	1.17186	1.16987	1.17096	66332
2020-09-30 13:00	1.17096	1.17156	1.16847	1.16958	81106
2020-09-30 14:00	1.16960	1.17408	1.16946	1.17284	115365
2020-09-30 15:00	1.17282	1.17516	1.17215	1.17220	97403
2020-09-30 16:00	1.17220	1.17249	1.17057	1.17216	88050
2020-09-30 17:00	1.17215	1.17282	1.17099	1.17240	74281
2020-09-30 18:00	1.17239	1.17271	1.17129	1.17165	81905
2020-09-30 19:00	1.17168	1.17273	1.17110	1.17227	83762
2020-09-30 20:00	1.17228	1.17273	1.17196	1.17210	26604
2020-09-30 21:00	1.17210	1.17262	1.17197	1.17232	735
2020-09-30 22:00	1.17233	1.17312	1.17224	1.17301	6846
2020-09-30 23:00	1.17303	1.17318	1.17228	1.17232	11797
2020-10-01 00:00	1.17234	1.17279	1.17171	1.17182	38415
2020-10-01 01:00	1.17182	1.17435	1.17177	1.17339	40377
2020-10-01 02:00	1.17340	1.17423	1.17330	1.17408	22499
2020-10-01 03:00	1.17408	1.17474	1.17386	1.17435	15842
2020-10-01 04:00	1.17436	1.17484	1.17401	1.17472	14763
2020-10-01 05:00	1.17470	1.17511	1.17423	1.17474	28659
2020-10-01 06:00	1.17474	1.17576	1.17440	1.17531	49721
2020-10-01 07:00	1.17534	1.17573	1.17231	1.17363	86142
2020-10-01 08:00	1.17361	1.17427	1.17221	1.17243	100934
2020-10-01 09:00	1.17244	1.17492	1.17236	1.17477	82426
2020-10-01 10:00	1.17478	1.17508	1.17372	1.17432	64272
2020-10-01 11:00	1.17432	1.17696	1.17412	1.17628	102685
2020-10-01 12:00	1.17628	1.17675	1.17510	1.17546	75115
2020-10-01 13:00	1.17546	1.17591	1.17312	1.17380	113208
2020-10-01 14:00	1.17386	1.17460	1.17212	1.17363	112972
2020-10-01 15:00	1.17363	1.17558	1.17338	1.17515	102979
2020-10-01 16:00	1.17513	1.17528	1.17381	1.17445	74438
2020-10-01 17:00	1.17446	1.17459	1.17385	1.17409	46295
2020-10-01 18:00	1.17409	1.17470	1.17348	1.17460	65774
2020-10-01 19:00	1.17460	1.17500	1.17415	1.17495	47568
2020-10-01 20:00	1.17493	1.17506	1.17435	1.17460	17134
2020-10-01 21:00	1.17489	1.17489	1.17424	1.17445	963
2020-10-01 22:00	1.17445	1.17478	1.17430	1.17446	8743
2020-10-01 23:00	1.17446	1.17450	1.17429	1.17439	8110
2020-10-02 00:00	1.17439	1.17445	1.17335	1.17347	30549
2020-10-02 01:00	1.17346	1.17370	1.17300	1.17314	41262
2020-10-02 02:00	1.17316	1.17330	1.17140	1.17196	42025
2020-10-02 03:00	1.17196	1.17215	1.17160	1.17161	44878
2020-10-02 04:00	1.17160	1.17179	1.17030	1.17059	43363
2020-10-02 05:00	1.17059	1.17320	1.16956	1.17221	106319
2020-10-02 06:00	1.17223	1.17386	1.17196	1.17371	102677
2020-10-02 07:00	1.17373	1.17416	1.17158	1.17231	104703
2020-10-02 08:00	1.17229	1.17315	1.17114	1.17135	87297
2020-10-02 09:00	1.17136	1.17258	1.17086	1.17189	54484
2020-10-02 10:00	1.17190	1.17241	1.17102	1.17126	64949
2020-10-02 11:00	1.17128	1.17247	1.17023	1.17239	72319
2020-10-02 12:00	1.17239	1.17337	1.16986	1.17082	64243
2020-10-02 13:00	1.17082	1.17215	1.16996	1.17123	92171
2020-10-02 14:00	1.17123	1.17247	1.17046	1.17140	86756
2020-10-02 15:00	1.17140	1.17211	1.17051	1.17056	72655
2020-10-02 16:00	1.17055	1.17220	1.17016	1.17176	80972
2020-10-02 17:00	1.17175	1.17214	1.17132	1.17139	56904
2020-10-02 18:00	1.17141	1.17193	1.17117	1.17122	60517
2020-10-02 19:00	1.17122	1.17163	1.17095	1.17116	45927
2020-10-02 20:00	1.17119	1.17171	1.17104	1.17157	27629
2020-10-04 21:00	1.17110	1.17154	1.17053	1.17122	678
2020-10-04 22:00	1.17121	1.17172	1.17087	1.17147	10287
2020-10-04 23:00	1.17149	1.17201	1.17129	1.17195	23573
2020-10-05 00:00	1.17195	1.17288	1.17176	1.17251	33876
2020-10-05 01:00	1.17251	1.17357	1.17214	1.17340	41397
2020-10-05 02:00	1.17339	1.17351	1.17298	1.17319	30372
2020-10-05 03:00	1.17320	1.17340	1.17272	1.17281	25167
2020-10-05 04:00	1.17281	1.17335	1.17266	1.17321	25999
2020-10-05 05:00	1.17321	1.17356	1.17300	1.17343	26477
2020-10-05 06:00	1.17346	1.17346	1.17208	1.17243	57475
2020-10-05 07:00	1.17242	1.17381	1.17198	1.17323	79591
2020-10-05 08:00	1.17323	1.17497	1.17319	1.17490	71525
2020-10-05 09:00	1.17490	1.17594	1.17467	1.17569	71710
2020-10-05 10:00	1.17570	1.17578	1.17475	1.17525	59078
2020-10-05 11:00	1.17525	1.17694	1.17461	1.17649	61049
2020-10-05 12:00	1.17649	1.17689	1.17568	1.17639	44278
2020-10-05 13:00	1.17639	1.17915	1.17639	1.17864	68608
2020-10-05 14:00	1.17864	1.17975	1.17789	1.17897	79242
2020-10-05 15:00	1.17896	1.17923	1.17819	1.17843	55446
2020-10-05 16:00	1.17843	1.17892	1.17823	1.17864	38080
2020-10-05 17:00	1.17865	1.17866	1.17758	1.17769	39828
2020-10-05 18:00	1.17768	1.17787	1.17715	1.17750	42816
2020-10-05 19:00	1.17748	1.17844	1.17747	1.17836	39713
2020-10-05 20:00	1.17838	1.17877	1.17807	1.17825	16823
2020-10-05 21:00	1.17825	1.17844	1.17787	1.17808	833
2020-10-05 22:00	1.17808	1.17882	1.17806	1.17873	8724
2020-10-05 23:00	1.17878	1.17901	1.17835	1.17891	17053
2020-10-06 00:00	1.17889	1.17929	1.17862	1.17906	29264
2020-10-06 01:00	1.17907	1.17929	1.17860	1.17864	29522
2020-10-06 02:00	1.17864	1.17911	1.17859	1.17910	26279
2020-10-06 03:00	1.17910	1.17987	1.17887	1.17922	40922
2020-10-06 04:00	1.17923	1.17941	1.17881	1.17885	21477
2020-10-06 05:00	1.17885	1.17923	1.17858	1.17859	28630
2020-10-06 06:00	1.17860	1.17897	1.17774	1.17850	44805
2020-10-06 07:00	1.17848	1.18001	1.17744	1.17766	82996
2020-10-06 08:00	1.17765	1.17793	1.17654	1.17776	69027
2020-10-06 09:00	1.17775	1.17863	1.17729	1.17796	43552
